/home/mmv4000/MscProject/vla_sorting_env/lib/python3.12/site-packages/huggingface_hub/utils/_validators.py:189: UserWarning: The `resume_download` argument is deprecated and ignored in `hf_hub_download`. Downloads always resume whenever possible.
  warnings.warn(
Warning: You are sending unauthenticated requests to the HF Hub. Please set a HF_TOKEN to enable higher rate limits and faster downloads.
/home/mmv4000/MscProject/vla_sorting_env/lib/python3.12/site-packages/huggingface_hub/utils/_validators.py:189: UserWarning: The `resume_download` argument is deprecated and ignored in `hf_hub_download`. Downloads always resume whenever possible.
  warnings.warn(
The `load_in_4bit` and `load_in_8bit` arguments are deprecated and will be removed in the future versions. Please, pass a `BitsAndBytesConfig` object in `quantization_config` argument instead.
The model weights are not tied. Please use the `tie_weights` method before using the `infer_auto_device` function.
[INIT] Active training device: cuda
[INIT] Loading Processor: openvla/openvla-7b
[INIT] Loading Base Model in 4-bit quantization...
Loading checkpoint shards:   0%|          | 0/3 [00:00<?, ?it/s]Loading checkpoint shards:  33%|███▎      | 1/3 [00:01<00:03,  1.54s/it]Loading checkpoint shards:  67%|██████▋   | 2/3 [00:02<00:01,  1.43s/it]Loading checkpoint shards: 100%|██████████| 3/3 [00:03<00:00,  1.07it/s]Loading checkpoint shards: 100%|██████████| 3/3 [00:03<00:00,  1.08s/it]
[CONFIG] Wrapping model with fresh LoRA layers (clean start)...
trainable params: 16,777,216 || all params: 7,558,014,400 || trainable%: 0.2220
[DATA] Loading train and val splits...
[DATA] Loaded 30850 samples for split='train'
[DATA] Loaded 6620 samples for split='val'
[START] Beginning training...
Epoch [1/5] | Batch [0/15425] | Loss: 25.3236
Epoch [1/5] | Batch [10/15425] | Loss: 24.0030
Epoch [1/5] | Batch [20/15425] | Loss: 24.2162
Epoch [1/5] | Batch [30/15425] | Loss: 23.3146
Epoch [1/5] | Batch [40/15425] | Loss: 23.9093
Epoch [1/5] | Batch [50/15425] | Loss: 24.1924
Epoch [1/5] | Batch [60/15425] | Loss: 20.1270
Epoch [1/5] | Batch [70/15425] | Loss: 20.1493
Epoch [1/5] | Batch [80/15425] | Loss: 18.1586
Epoch [1/5] | Batch [90/15425] | Loss: 17.3630
Epoch [1/5] | Batch [100/15425] | Loss: 14.8969
Epoch [1/5] | Batch [110/15425] | Loss: 15.5719
Epoch [1/5] | Batch [120/15425] | Loss: 11.4908
Epoch [1/5] | Batch [130/15425] | Loss: 11.7795
Epoch [1/5] | Batch [140/15425] | Loss: 10.3229
Epoch [1/5] | Batch [150/15425] | Loss: 8.7323
Epoch [1/5] | Batch [160/15425] | Loss: 6.1585
Epoch [1/5] | Batch [170/15425] | Loss: 6.5354
Epoch [1/5] | Batch [180/15425] | Loss: 4.8383
Epoch [1/5] | Batch [190/15425] | Loss: 5.1885
Epoch [1/5] | Batch [200/15425] | Loss: 3.4443
Epoch [1/5] | Batch [210/15425] | Loss: 3.4347
Epoch [1/5] | Batch [220/15425] | Loss: 2.8904
Epoch [1/5] | Batch [230/15425] | Loss: 2.5770
Epoch [1/5] | Batch [240/15425] | Loss: 2.0240
Epoch [1/5] | Batch [250/15425] | Loss: 2.0056
Epoch [1/5] | Batch [260/15425] | Loss: 2.1399
Epoch [1/5] | Batch [270/15425] | Loss: 1.7682
Epoch [1/5] | Batch [280/15425] | Loss: 1.8133
Epoch [1/5] | Batch [290/15425] | Loss: 1.5336
Epoch [1/5] | Batch [300/15425] | Loss: 1.4705
Epoch [1/5] | Batch [310/15425] | Loss: 1.5515
Epoch [1/5] | Batch [320/15425] | Loss: 1.3923
Epoch [1/5] | Batch [330/15425] | Loss: 1.2501
Epoch [1/5] | Batch [340/15425] | Loss: 1.1393
Epoch [1/5] | Batch [350/15425] | Loss: 1.1628
Epoch [1/5] | Batch [360/15425] | Loss: 1.0791
Epoch [1/5] | Batch [370/15425] | Loss: 1.0821
Epoch [1/5] | Batch [380/15425] | Loss: 1.2502
Epoch [1/5] | Batch [390/15425] | Loss: 0.8606
Epoch [1/5] | Batch [400/15425] | Loss: 0.8493
Epoch [1/5] | Batch [410/15425] | Loss: 0.8742
Epoch [1/5] | Batch [420/15425] | Loss: 0.8723
Epoch [1/5] | Batch [430/15425] | Loss: 0.8397
Epoch [1/5] | Batch [440/15425] | Loss: 0.7622
Epoch [1/5] | Batch [450/15425] | Loss: 0.9124
Epoch [1/5] | Batch [460/15425] | Loss: 0.6255
Epoch [1/5] | Batch [470/15425] | Loss: 0.7266
Epoch [1/5] | Batch [480/15425] | Loss: 0.5310
Epoch [1/5] | Batch [490/15425] | Loss: 0.6142
  [VAL @ step 500] val_loss=0.6073 | best=inf
  [BEST] New best model saved to vla_checkpoints/lora_best
  [CHECKPOINT] Saved at vla_checkpoints/lora_epoch_1_step_500
Epoch [1/5] | Batch [500/15425] | Loss: 0.6502
Epoch [1/5] | Batch [510/15425] | Loss: 0.6405
Epoch [1/5] | Batch [520/15425] | Loss: 0.7370
Epoch [1/5] | Batch [530/15425] | Loss: 0.5723
Epoch [1/5] | Batch [540/15425] | Loss: 0.4444
Epoch [1/5] | Batch [550/15425] | Loss: 0.5537
Epoch [1/5] | Batch [560/15425] | Loss: 0.5554
Epoch [1/5] | Batch [570/15425] | Loss: 0.5818
Epoch [1/5] | Batch [580/15425] | Loss: 0.5667
Epoch [1/5] | Batch [590/15425] | Loss: 0.4313
Epoch [1/5] | Batch [600/15425] | Loss: 0.6351
Epoch [1/5] | Batch [610/15425] | Loss: 0.3651
Epoch [1/5] | Batch [620/15425] | Loss: 0.4833
Epoch [1/5] | Batch [630/15425] | Loss: 0.3887
Epoch [1/5] | Batch [640/15425] | Loss: 0.4044
Epoch [1/5] | Batch [650/15425] | Loss: 0.5571
Epoch [1/5] | Batch [660/15425] | Loss: 0.4347
Epoch [1/5] | Batch [670/15425] | Loss: 0.3605
Epoch [1/5] | Batch [680/15425] | Loss: 0.3574
Epoch [1/5] | Batch [690/15425] | Loss: 0.4422
Epoch [1/5] | Batch [700/15425] | Loss: 0.4271
Epoch [1/5] | Batch [710/15425] | Loss: 0.3531
Epoch [1/5] | Batch [720/15425] | Loss: 0.3614
Epoch [1/5] | Batch [730/15425] | Loss: 0.3288
Epoch [1/5] | Batch [740/15425] | Loss: 0.4007
Epoch [1/5] | Batch [750/15425] | Loss: 0.3971
Epoch [1/5] | Batch [760/15425] | Loss: 0.4244
Epoch [1/5] | Batch [770/15425] | Loss: 0.3585
Epoch [1/5] | Batch [780/15425] | Loss: 0.3058
Epoch [1/5] | Batch [790/15425] | Loss: 0.3730
Epoch [1/5] | Batch [800/15425] | Loss: 0.2699
Epoch [1/5] | Batch [810/15425] | Loss: 0.3863
Epoch [1/5] | Batch [820/15425] | Loss: 0.3251
Epoch [1/5] | Batch [830/15425] | Loss: 0.4419
Epoch [1/5] | Batch [840/15425] | Loss: 0.3453
Epoch [1/5] | Batch [850/15425] | Loss: 0.3126
Epoch [1/5] | Batch [860/15425] | Loss: 0.3252
Epoch [1/5] | Batch [870/15425] | Loss: 0.3278
Epoch [1/5] | Batch [880/15425] | Loss: 0.3152
Epoch [1/5] | Batch [890/15425] | Loss: 0.3075
Epoch [1/5] | Batch [900/15425] | Loss: 0.3922
Epoch [1/5] | Batch [910/15425] | Loss: 0.3030
Epoch [1/5] | Batch [920/15425] | Loss: 0.2561
Epoch [1/5] | Batch [930/15425] | Loss: 0.3219
Epoch [1/5] | Batch [940/15425] | Loss: 0.2768
Epoch [1/5] | Batch [950/15425] | Loss: 0.3222
Epoch [1/5] | Batch [960/15425] | Loss: 0.3892
Epoch [1/5] | Batch [970/15425] | Loss: 0.2849
Epoch [1/5] | Batch [980/15425] | Loss: 0.3430
Epoch [1/5] | Batch [990/15425] | Loss: 0.3057
  [VAL @ step 1000] val_loss=0.2821 | best=0.6073
  [BEST] New best model saved to vla_checkpoints/lora_best
  [CHECKPOINT] Saved at vla_checkpoints/lora_epoch_1_step_1000
Epoch [1/5] | Batch [1000/15425] | Loss: 0.2734
Epoch [1/5] | Batch [1010/15425] | Loss: 0.2624
Epoch [1/5] | Batch [1020/15425] | Loss: 0.2765
Epoch [1/5] | Batch [1030/15425] | Loss: 0.2543
Epoch [1/5] | Batch [1040/15425] | Loss: 0.3290
Epoch [1/5] | Batch [1050/15425] | Loss: 0.2684
Epoch [1/5] | Batch [1060/15425] | Loss: 0.3411
Epoch [1/5] | Batch [1070/15425] | Loss: 0.2580
Epoch [1/5] | Batch [1080/15425] | Loss: 0.2837
Epoch [1/5] | Batch [1090/15425] | Loss: 0.2615
Epoch [1/5] | Batch [1100/15425] | Loss: 0.2489
Epoch [1/5] | Batch [1110/15425] | Loss: 0.3115
Epoch [1/5] | Batch [1120/15425] | Loss: 0.2646
Epoch [1/5] | Batch [1130/15425] | Loss: 0.2443
Epoch [1/5] | Batch [1140/15425] | Loss: 0.2964
Epoch [1/5] | Batch [1150/15425] | Loss: 0.3025
Epoch [1/5] | Batch [1160/15425] | Loss: 0.2564
Epoch [1/5] | Batch [1170/15425] | Loss: 0.2352
Epoch [1/5] | Batch [1180/15425] | Loss: 0.2581
Epoch [1/5] | Batch [1190/15425] | Loss: 0.2158
Epoch [1/5] | Batch [1200/15425] | Loss: 0.2740
Epoch [1/5] | Batch [1210/15425] | Loss: 0.2243
Epoch [1/5] | Batch [1220/15425] | Loss: 0.2719
Epoch [1/5] | Batch [1230/15425] | Loss: 0.2593
Epoch [1/5] | Batch [1240/15425] | Loss: 0.2476
Epoch [1/5] | Batch [1250/15425] | Loss: 0.3440
Epoch [1/5] | Batch [1260/15425] | Loss: 0.2631
Epoch [1/5] | Batch [1270/15425] | Loss: 0.2468
Epoch [1/5] | Batch [1280/15425] | Loss: 0.2210
Epoch [1/5] | Batch [1290/15425] | Loss: 0.2383
Epoch [1/5] | Batch [1300/15425] | Loss: 0.2174
Epoch [1/5] | Batch [1310/15425] | Loss: 0.2471
Epoch [1/5] | Batch [1320/15425] | Loss: 0.2447
Epoch [1/5] | Batch [1330/15425] | Loss: 0.2896
Epoch [1/5] | Batch [1340/15425] | Loss: 0.2322
Epoch [1/5] | Batch [1350/15425] | Loss: 0.2484
Epoch [1/5] | Batch [1360/15425] | Loss: 0.2024
Epoch [1/5] | Batch [1370/15425] | Loss: 0.2588
Epoch [1/5] | Batch [1380/15425] | Loss: 0.2192
Epoch [1/5] | Batch [1390/15425] | Loss: 0.2177
Epoch [1/5] | Batch [1400/15425] | Loss: 0.2082
Epoch [1/5] | Batch [1410/15425] | Loss: 0.2302
Epoch [1/5] | Batch [1420/15425] | Loss: 0.2614
Epoch [1/5] | Batch [1430/15425] | Loss: 0.2558
Epoch [1/5] | Batch [1440/15425] | Loss: 0.2278
Epoch [1/5] | Batch [1450/15425] | Loss: 0.2662
Epoch [1/5] | Batch [1460/15425] | Loss: 0.2834
Epoch [1/5] | Batch [1470/15425] | Loss: 0.2440
Epoch [1/5] | Batch [1480/15425] | Loss: 0.2289
Epoch [1/5] | Batch [1490/15425] | Loss: 0.2528
  [VAL @ step 1500] val_loss=0.2411 | best=0.2821
  [BEST] New best model saved to vla_checkpoints/lora_best
  [CHECKPOINT] Saved at vla_checkpoints/lora_epoch_1_step_1500
Epoch [1/5] | Batch [1500/15425] | Loss: 0.2165
Epoch [1/5] | Batch [1510/15425] | Loss: 0.2467
Epoch [1/5] | Batch [1520/15425] | Loss: 0.2488
Epoch [1/5] | Batch [1530/15425] | Loss: 0.2636
Epoch [1/5] | Batch [1540/15425] | Loss: 0.2098
Epoch [1/5] | Batch [1550/15425] | Loss: 0.2273
Epoch [1/5] | Batch [1560/15425] | Loss: 0.2250
Epoch [1/5] | Batch [1570/15425] | Loss: 0.2294
Epoch [1/5] | Batch [1580/15425] | Loss: 0.2053
Epoch [1/5] | Batch [1590/15425] | Loss: 0.2164
Epoch [1/5] | Batch [1600/15425] | Loss: 0.2327
Epoch [1/5] | Batch [1610/15425] | Loss: 0.2519
Epoch [1/5] | Batch [1620/15425] | Loss: 0.2269
Epoch [1/5] | Batch [1630/15425] | Loss: 0.2418
Epoch [1/5] | Batch [1640/15425] | Loss: 0.2186
Epoch [1/5] | Batch [1650/15425] | Loss: 0.2070
Epoch [1/5] | Batch [1660/15425] | Loss: 0.2677
Epoch [1/5] | Batch [1670/15425] | Loss: 0.2485
Epoch [1/5] | Batch [1680/15425] | Loss: 0.2045
Epoch [1/5] | Batch [1690/15425] | Loss: 0.2466
Epoch [1/5] | Batch [1700/15425] | Loss: 0.2653
Epoch [1/5] | Batch [1710/15425] | Loss: 0.2225
Epoch [1/5] | Batch [1720/15425] | Loss: 0.2333
Epoch [1/5] | Batch [1730/15425] | Loss: 0.2297
Epoch [1/5] | Batch [1740/15425] | Loss: 0.1925
Epoch [1/5] | Batch [1750/15425] | Loss: 0.2371
Epoch [1/5] | Batch [1760/15425] | Loss: 0.2329
Epoch [1/5] | Batch [1770/15425] | Loss: 0.2359
Epoch [1/5] | Batch [1780/15425] | Loss: 0.2606
Epoch [1/5] | Batch [1790/15425] | Loss: 0.2379
Epoch [1/5] | Batch [1800/15425] | Loss: 0.2536
Epoch [1/5] | Batch [1810/15425] | Loss: 0.2045
Epoch [1/5] | Batch [1820/15425] | Loss: 0.2221
Epoch [1/5] | Batch [1830/15425] | Loss: 0.2572
Epoch [1/5] | Batch [1840/15425] | Loss: 0.2166
Epoch [1/5] | Batch [1850/15425] | Loss: 0.2308
Epoch [1/5] | Batch [1860/15425] | Loss: 0.2466
Epoch [1/5] | Batch [1870/15425] | Loss: 0.2404
Epoch [1/5] | Batch [1880/15425] | Loss: 0.2075
Epoch [1/5] | Batch [1890/15425] | Loss: 0.2099
Epoch [1/5] | Batch [1900/15425] | Loss: 0.2584
Epoch [1/5] | Batch [1910/15425] | Loss: 0.2479
Epoch [1/5] | Batch [1920/15425] | Loss: 0.2431
Epoch [1/5] | Batch [1930/15425] | Loss: 0.2506
Epoch [1/5] | Batch [1940/15425] | Loss: 0.2394
Epoch [1/5] | Batch [1950/15425] | Loss: 0.2417
Epoch [1/5] | Batch [1960/15425] | Loss: 0.2273
Epoch [1/5] | Batch [1970/15425] | Loss: 0.2302
Epoch [1/5] | Batch [1980/15425] | Loss: 0.2412
Epoch [1/5] | Batch [1990/15425] | Loss: 0.2215
  [VAL @ step 2000] val_loss=0.2256 | best=0.2411
  [BEST] New best model saved to vla_checkpoints/lora_best
  [CHECKPOINT] Saved at vla_checkpoints/lora_epoch_1_step_2000
Epoch [1/5] | Batch [2000/15425] | Loss: 0.1986
Epoch [1/5] | Batch [2010/15425] | Loss: 0.2749
Epoch [1/5] | Batch [2020/15425] | Loss: 0.2075
Epoch [1/5] | Batch [2030/15425] | Loss: 0.2356
Epoch [1/5] | Batch [2040/15425] | Loss: 0.2181
Epoch [1/5] | Batch [2050/15425] | Loss: 0.2412
Epoch [1/5] | Batch [2060/15425] | Loss: 0.1996
Epoch [1/5] | Batch [2070/15425] | Loss: 0.2199
Epoch [1/5] | Batch [2080/15425] | Loss: 0.1927
Epoch [1/5] | Batch [2090/15425] | Loss: 0.2385
Epoch [1/5] | Batch [2100/15425] | Loss: 0.2417
Epoch [1/5] | Batch [2110/15425] | Loss: 0.2418
Epoch [1/5] | Batch [2120/15425] | Loss: 0.1884
Epoch [1/5] | Batch [2130/15425] | Loss: 0.2415
Epoch [1/5] | Batch [2140/15425] | Loss: 0.2504
Epoch [1/5] | Batch [2150/15425] | Loss: 0.2110
Epoch [1/5] | Batch [2160/15425] | Loss: 0.2497
Epoch [1/5] | Batch [2170/15425] | Loss: 0.2097
Epoch [1/5] | Batch [2180/15425] | Loss: 0.1924
Epoch [1/5] | Batch [2190/15425] | Loss: 0.2410
Epoch [1/5] | Batch [2200/15425] | Loss: 0.2621
Epoch [1/5] | Batch [2210/15425] | Loss: 0.2073
Epoch [1/5] | Batch [2220/15425] | Loss: 0.2383
Epoch [1/5] | Batch [2230/15425] | Loss: 0.2000
Epoch [1/5] | Batch [2240/15425] | Loss: 0.2057
Epoch [1/5] | Batch [2250/15425] | Loss: 0.2315
Epoch [1/5] | Batch [2260/15425] | Loss: 0.2301
Epoch [1/5] | Batch [2270/15425] | Loss: 0.2220
Epoch [1/5] | Batch [2280/15425] | Loss: 0.2465
Epoch [1/5] | Batch [2290/15425] | Loss: 0.2080
Epoch [1/5] | Batch [2300/15425] | Loss: 0.2406
Epoch [1/5] | Batch [2310/15425] | Loss: 0.1948
Epoch [1/5] | Batch [2320/15425] | Loss: 0.2246
Epoch [1/5] | Batch [2330/15425] | Loss: 0.2116
Epoch [1/5] | Batch [2340/15425] | Loss: 0.2069
Epoch [1/5] | Batch [2350/15425] | Loss: 0.2437
Epoch [1/5] | Batch [2360/15425] | Loss: 0.2010
Epoch [1/5] | Batch [2370/15425] | Loss: 0.2463
Epoch [1/5] | Batch [2380/15425] | Loss: 0.2384
Epoch [1/5] | Batch [2390/15425] | Loss: 0.2116
Epoch [1/5] | Batch [2400/15425] | Loss: 0.2322
Epoch [1/5] | Batch [2410/15425] | Loss: 0.2009
Epoch [1/5] | Batch [2420/15425] | Loss: 0.2160
Epoch [1/5] | Batch [2430/15425] | Loss: 0.2162
Epoch [1/5] | Batch [2440/15425] | Loss: 0.1968
Epoch [1/5] | Batch [2450/15425] | Loss: 0.1967
Epoch [1/5] | Batch [2460/15425] | Loss: 0.2087
Epoch [1/5] | Batch [2470/15425] | Loss: 0.2268
Epoch [1/5] | Batch [2480/15425] | Loss: 0.1939
Epoch [1/5] | Batch [2490/15425] | Loss: 0.2238
  [VAL @ step 2500] val_loss=0.2171 | best=0.2256
  [BEST] New best model saved to vla_checkpoints/lora_best
  [CHECKPOINT] Saved at vla_checkpoints/lora_epoch_1_step_2500
Epoch [1/5] | Batch [2500/15425] | Loss: 0.1995
Epoch [1/5] | Batch [2510/15425] | Loss: 0.2253
Epoch [1/5] | Batch [2520/15425] | Loss: 0.2349
Epoch [1/5] | Batch [2530/15425] | Loss: 0.2168
Epoch [1/5] | Batch [2540/15425] | Loss: 0.2591
Epoch [1/5] | Batch [2550/15425] | Loss: 0.2082
Epoch [1/5] | Batch [2560/15425] | Loss: 0.2209
Epoch [1/5] | Batch [2570/15425] | Loss: 0.2258
Epoch [1/5] | Batch [2580/15425] | Loss: 0.2208
Epoch [1/5] | Batch [2590/15425] | Loss: 0.2299
Epoch [1/5] | Batch [2600/15425] | Loss: 0.2143
Epoch [1/5] | Batch [2610/15425] | Loss: 0.2112
Epoch [1/5] | Batch [2620/15425] | Loss: 0.2297
Epoch [1/5] | Batch [2630/15425] | Loss: 0.2160
Epoch [1/5] | Batch [2640/15425] | Loss: 0.2395
Epoch [1/5] | Batch [2650/15425] | Loss: 0.2123
Epoch [1/5] | Batch [2660/15425] | Loss: 0.2206
Epoch [1/5] | Batch [2670/15425] | Loss: 0.2013
Epoch [1/5] | Batch [2680/15425] | Loss: 0.2018
Epoch [1/5] | Batch [2690/15425] | Loss: 0.1925
Epoch [1/5] | Batch [2700/15425] | Loss: 0.2084
Epoch [1/5] | Batch [2710/15425] | Loss: 0.1999
Epoch [1/5] | Batch [2720/15425] | Loss: 0.2089
Epoch [1/5] | Batch [2730/15425] | Loss: 0.2414
Epoch [1/5] | Batch [2740/15425] | Loss: 0.2165
Epoch [1/5] | Batch [2750/15425] | Loss: 0.2615
Epoch [1/5] | Batch [2760/15425] | Loss: 0.2313
Epoch [1/5] | Batch [2770/15425] | Loss: 0.2145
Epoch [1/5] | Batch [2780/15425] | Loss: 0.2291
Epoch [1/5] | Batch [2790/15425] | Loss: 0.2129
Epoch [1/5] | Batch [2800/15425] | Loss: 0.2204
Epoch [1/5] | Batch [2810/15425] | Loss: 0.2477
Epoch [1/5] | Batch [2820/15425] | Loss: 0.2207
Epoch [1/5] | Batch [2830/15425] | Loss: 0.2052
Epoch [1/5] | Batch [2840/15425] | Loss: 0.2067
Epoch [1/5] | Batch [2850/15425] | Loss: 0.2069
Epoch [1/5] | Batch [2860/15425] | Loss: 0.2011
Epoch [1/5] | Batch [2870/15425] | Loss: 0.2039
Epoch [1/5] | Batch [2880/15425] | Loss: 0.1927
Epoch [1/5] | Batch [2890/15425] | Loss: 0.2495
Epoch [1/5] | Batch [2900/15425] | Loss: 0.2113
Epoch [1/5] | Batch [2910/15425] | Loss: 0.1945
Epoch [1/5] | Batch [2920/15425] | Loss: 0.2069
Epoch [1/5] | Batch [2930/15425] | Loss: 0.2237
Epoch [1/5] | Batch [2940/15425] | Loss: 0.2346
Epoch [1/5] | Batch [2950/15425] | Loss: 0.2040
Epoch [1/5] | Batch [2960/15425] | Loss: 0.2090
Epoch [1/5] | Batch [2970/15425] | Loss: 0.2160
Epoch [1/5] | Batch [2980/15425] | Loss: 0.2070
Epoch [1/5] | Batch [2990/15425] | Loss: 0.1772
  [VAL @ step 3000] val_loss=0.2114 | best=0.2171
  [BEST] New best model saved to vla_checkpoints/lora_best
  [CHECKPOINT] Saved at vla_checkpoints/lora_epoch_1_step_3000
Epoch [1/5] | Batch [3000/15425] | Loss: 0.2090
Epoch [1/5] | Batch [3010/15425] | Loss: 0.2164
Epoch [1/5] | Batch [3020/15425] | Loss: 0.2069
Epoch [1/5] | Batch [3030/15425] | Loss: 0.2169
Epoch [1/5] | Batch [3040/15425] | Loss: 0.2282
Epoch [1/5] | Batch [3050/15425] | Loss: 0.2048
Epoch [1/5] | Batch [3060/15425] | Loss: 0.1947
Epoch [1/5] | Batch [3070/15425] | Loss: 0.2271
Epoch [1/5] | Batch [3080/15425] | Loss: 0.2019
Epoch [1/5] | Batch [3090/15425] | Loss: 0.2388
Epoch [1/5] | Batch [3100/15425] | Loss: 0.2197
Epoch [1/5] | Batch [3110/15425] | Loss: 0.2013
Epoch [1/5] | Batch [3120/15425] | Loss: 0.2137
Epoch [1/5] | Batch [3130/15425] | Loss: 0.1914
Epoch [1/5] | Batch [3140/15425] | Loss: 0.2036
Epoch [1/5] | Batch [3150/15425] | Loss: 0.2279
Epoch [1/5] | Batch [3160/15425] | Loss: 0.2440
Epoch [1/5] | Batch [3170/15425] | Loss: 0.2137
Epoch [1/5] | Batch [3180/15425] | Loss: 0.2076
Epoch [1/5] | Batch [3190/15425] | Loss: 0.2084
Epoch [1/5] | Batch [3200/15425] | Loss: 0.1859
Epoch [1/5] | Batch [3210/15425] | Loss: 0.2232
Epoch [1/5] | Batch [3220/15425] | Loss: 0.2361
Epoch [1/5] | Batch [3230/15425] | Loss: 0.1927
Epoch [1/5] | Batch [3240/15425] | Loss: 0.2706
Epoch [1/5] | Batch [3250/15425] | Loss: 0.1928
Epoch [1/5] | Batch [3260/15425] | Loss: 0.2571
Epoch [1/5] | Batch [3270/15425] | Loss: 0.2264
Epoch [1/5] | Batch [3280/15425] | Loss: 0.1858
Epoch [1/5] | Batch [3290/15425] | Loss: 0.2343
Epoch [1/5] | Batch [3300/15425] | Loss: 0.2268
Epoch [1/5] | Batch [3310/15425] | Loss: 0.1919
Epoch [1/5] | Batch [3320/15425] | Loss: 0.2040
Epoch [1/5] | Batch [3330/15425] | Loss: 0.2012
Epoch [1/5] | Batch [3340/15425] | Loss: 0.2603
Epoch [1/5] | Batch [3350/15425] | Loss: 0.2041
Epoch [1/5] | Batch [3360/15425] | Loss: 0.2046
Epoch [1/5] | Batch [3370/15425] | Loss: 0.2286
Epoch [1/5] | Batch [3380/15425] | Loss: 0.1920
Epoch [1/5] | Batch [3390/15425] | Loss: 0.2179
Epoch [1/5] | Batch [3400/15425] | Loss: 0.1764
Epoch [1/5] | Batch [3410/15425] | Loss: 0.2322
Epoch [1/5] | Batch [3420/15425] | Loss: 0.1919
Epoch [1/5] | Batch [3430/15425] | Loss: 0.2174
Epoch [1/5] | Batch [3440/15425] | Loss: 0.2513
Epoch [1/5] | Batch [3450/15425] | Loss: 0.2065
Epoch [1/5] | Batch [3460/15425] | Loss: 0.2133
Epoch [1/5] | Batch [3470/15425] | Loss: 0.2064
Epoch [1/5] | Batch [3480/15425] | Loss: 0.2063
Epoch [1/5] | Batch [3490/15425] | Loss: 0.2012
  [VAL @ step 3500] val_loss=0.2066 | best=0.2114
  [BEST] New best model saved to vla_checkpoints/lora_best
  [CHECKPOINT] Saved at vla_checkpoints/lora_epoch_1_step_3500
Epoch [1/5] | Batch [3500/15425] | Loss: 0.2056
Epoch [1/5] | Batch [3510/15425] | Loss: 0.2020
Epoch [1/5] | Batch [3520/15425] | Loss: 0.2019
Epoch [1/5] | Batch [3530/15425] | Loss: 0.1980
Epoch [1/5] | Batch [3540/15425] | Loss: 0.1682
Epoch [1/5] | Batch [3550/15425] | Loss: 0.1750
Epoch [1/5] | Batch [3560/15425] | Loss: 0.2058
Epoch [1/5] | Batch [3570/15425] | Loss: 0.1994
Epoch [1/5] | Batch [3580/15425] | Loss: 0.2162
Epoch [1/5] | Batch [3590/15425] | Loss: 0.2039
Epoch [1/5] | Batch [3600/15425] | Loss: 0.2070
Epoch [1/5] | Batch [3610/15425] | Loss: 0.2490
Epoch [1/5] | Batch [3620/15425] | Loss: 0.2388
Epoch [1/5] | Batch [3630/15425] | Loss: 0.1821
Epoch [1/5] | Batch [3640/15425] | Loss: 0.1954
Epoch [1/5] | Batch [3650/15425] | Loss: 0.2129
Epoch [1/5] | Batch [3660/15425] | Loss: 0.1849
Epoch [1/5] | Batch [3670/15425] | Loss: 0.1958
Epoch [1/5] | Batch [3680/15425] | Loss: 0.1896
Epoch [1/5] | Batch [3690/15425] | Loss: 0.2029
Epoch [1/5] | Batch [3700/15425] | Loss: 0.1922
Epoch [1/5] | Batch [3710/15425] | Loss: 0.2031
Epoch [1/5] | Batch [3720/15425] | Loss: 0.2471
Epoch [1/5] | Batch [3730/15425] | Loss: 0.1867
Epoch [1/5] | Batch [3740/15425] | Loss: 0.2066
Epoch [1/5] | Batch [3750/15425] | Loss: 0.2055
Epoch [1/5] | Batch [3760/15425] | Loss: 0.2080
Epoch [1/5] | Batch [3770/15425] | Loss: 0.2004
Epoch [1/5] | Batch [3780/15425] | Loss: 0.2518
Epoch [1/5] | Batch [3790/15425] | Loss: 0.2098
Epoch [1/5] | Batch [3800/15425] | Loss: 0.1993
Epoch [1/5] | Batch [3810/15425] | Loss: 0.2252
Epoch [1/5] | Batch [3820/15425] | Loss: 0.1997
Epoch [1/5] | Batch [3830/15425] | Loss: 0.2036
Epoch [1/5] | Batch [3840/15425] | Loss: 0.1973
Epoch [1/5] | Batch [3850/15425] | Loss: 0.1944
Epoch [1/5] | Batch [3860/15425] | Loss: 0.1957
Epoch [1/5] | Batch [3870/15425] | Loss: 0.2262
Epoch [1/5] | Batch [3880/15425] | Loss: 0.2047
Epoch [1/5] | Batch [3890/15425] | Loss: 0.2092
Epoch [1/5] | Batch [3900/15425] | Loss: 0.1895
Epoch [1/5] | Batch [3910/15425] | Loss: 0.2098
Epoch [1/5] | Batch [3920/15425] | Loss: 0.2063
Epoch [1/5] | Batch [3930/15425] | Loss: 0.2188
Epoch [1/5] | Batch [3940/15425] | Loss: 0.2069
Epoch [1/5] | Batch [3950/15425] | Loss: 0.1904
Epoch [1/5] | Batch [3960/15425] | Loss: 0.1834
Epoch [1/5] | Batch [3970/15425] | Loss: 0.2072
Epoch [1/5] | Batch [3980/15425] | Loss: 0.1856
Epoch [1/5] | Batch [3990/15425] | Loss: 0.1951
  [VAL @ step 4000] val_loss=0.2039 | best=0.2066
  [BEST] New best model saved to vla_checkpoints/lora_best
  [CHECKPOINT] Saved at vla_checkpoints/lora_epoch_1_step_4000
Epoch [1/5] | Batch [4000/15425] | Loss: 0.2100
Epoch [1/5] | Batch [4010/15425] | Loss: 0.2232
Epoch [1/5] | Batch [4020/15425] | Loss: 0.2007
Epoch [1/5] | Batch [4030/15425] | Loss: 0.2340
Epoch [1/5] | Batch [4040/15425] | Loss: 0.2244
Epoch [1/5] | Batch [4050/15425] | Loss: 0.2002
Epoch [1/5] | Batch [4060/15425] | Loss: 0.1839
Epoch [1/5] | Batch [4070/15425] | Loss: 0.1920
Epoch [1/5] | Batch [4080/15425] | Loss: 0.1980
Epoch [1/5] | Batch [4090/15425] | Loss: 0.2089
Epoch [1/5] | Batch [4100/15425] | Loss: 0.1948
Epoch [1/5] | Batch [4110/15425] | Loss: 0.1845
Epoch [1/5] | Batch [4120/15425] | Loss: 0.2206
Epoch [1/5] | Batch [4130/15425] | Loss: 0.1841
Epoch [1/5] | Batch [4140/15425] | Loss: 0.1897
Epoch [1/5] | Batch [4150/15425] | Loss: 0.1835
Epoch [1/5] | Batch [4160/15425] | Loss: 0.1972
Epoch [1/5] | Batch [4170/15425] | Loss: 0.2349
Epoch [1/5] | Batch [4180/15425] | Loss: 0.1928
Epoch [1/5] | Batch [4190/15425] | Loss: 0.1820
Epoch [1/5] | Batch [4200/15425] | Loss: 0.1999
Epoch [1/5] | Batch [4210/15425] | Loss: 0.2022
Epoch [1/5] | Batch [4220/15425] | Loss: 0.2165
Epoch [1/5] | Batch [4230/15425] | Loss: 0.2011
Epoch [1/5] | Batch [4240/15425] | Loss: 0.1714
Epoch [1/5] | Batch [4250/15425] | Loss: 0.1902
Epoch [1/5] | Batch [4260/15425] | Loss: 0.1928
Epoch [1/5] | Batch [4270/15425] | Loss: 0.1726
Epoch [1/5] | Batch [4280/15425] | Loss: 0.1950
Epoch [1/5] | Batch [4290/15425] | Loss: 0.2313
Epoch [1/5] | Batch [4300/15425] | Loss: 0.1922
Epoch [1/5] | Batch [4310/15425] | Loss: 0.2040
Epoch [1/5] | Batch [4320/15425] | Loss: 0.1919
Epoch [1/5] | Batch [4330/15425] | Loss: 0.1815
Epoch [1/5] | Batch [4340/15425] | Loss: 0.1903
Epoch [1/5] | Batch [4350/15425] | Loss: 0.1627
Epoch [1/5] | Batch [4360/15425] | Loss: 0.1937
Epoch [1/5] | Batch [4370/15425] | Loss: 0.1982
Epoch [1/5] | Batch [4380/15425] | Loss: 0.1820
Epoch [1/5] | Batch [4390/15425] | Loss: 0.2587
Epoch [1/5] | Batch [4400/15425] | Loss: 0.2328
Epoch [1/5] | Batch [4410/15425] | Loss: 0.1730
Epoch [1/5] | Batch [4420/15425] | Loss: 0.2052
Epoch [1/5] | Batch [4430/15425] | Loss: 0.1887
Epoch [1/5] | Batch [4440/15425] | Loss: 0.2042
Epoch [1/5] | Batch [4450/15425] | Loss: 0.2003
Epoch [1/5] | Batch [4460/15425] | Loss: 0.1782
Epoch [1/5] | Batch [4470/15425] | Loss: 0.2134
Epoch [1/5] | Batch [4480/15425] | Loss: 0.1698
Epoch [1/5] | Batch [4490/15425] | Loss: 0.2176
  [VAL @ step 4500] val_loss=0.1992 | best=0.2039
  [BEST] New best model saved to vla_checkpoints/lora_best
  [CHECKPOINT] Saved at vla_checkpoints/lora_epoch_1_step_4500
Epoch [1/5] | Batch [4500/15425] | Loss: 0.2258
Epoch [1/5] | Batch [4510/15425] | Loss: 0.1980
Epoch [1/5] | Batch [4520/15425] | Loss: 0.2292
Epoch [1/5] | Batch [4530/15425] | Loss: 0.1954
Epoch [1/5] | Batch [4540/15425] | Loss: 0.1869
Epoch [1/5] | Batch [4550/15425] | Loss: 0.2305
Epoch [1/5] | Batch [4560/15425] | Loss: 0.1794
Epoch [1/5] | Batch [4570/15425] | Loss: 0.1924
Epoch [1/5] | Batch [4580/15425] | Loss: 0.1895
Epoch [1/5] | Batch [4590/15425] | Loss: 0.1993
Epoch [1/5] | Batch [4600/15425] | Loss: 0.1893
Epoch [1/5] | Batch [4610/15425] | Loss: 0.1968
Epoch [1/5] | Batch [4620/15425] | Loss: 0.1843
Epoch [1/5] | Batch [4630/15425] | Loss: 0.1776
Epoch [1/5] | Batch [4640/15425] | Loss: 0.2025
Epoch [1/5] | Batch [4650/15425] | Loss: 0.2322
Epoch [1/5] | Batch [4660/15425] | Loss: 0.1840
Epoch [1/5] | Batch [4670/15425] | Loss: 0.2333
Epoch [1/5] | Batch [4680/15425] | Loss: 0.1933
Epoch [1/5] | Batch [4690/15425] | Loss: 0.1739
Epoch [1/5] | Batch [4700/15425] | Loss: 0.1792
Epoch [1/5] | Batch [4710/15425] | Loss: 0.1983
Epoch [1/5] | Batch [4720/15425] | Loss: 0.1864
Epoch [1/5] | Batch [4730/15425] | Loss: 0.1857
Epoch [1/5] | Batch [4740/15425] | Loss: 0.1924
Epoch [1/5] | Batch [4750/15425] | Loss: 0.1976
Epoch [1/5] | Batch [4760/15425] | Loss: 0.1979
Epoch [1/5] | Batch [4770/15425] | Loss: 0.1921
Epoch [1/5] | Batch [4780/15425] | Loss: 0.1773
Epoch [1/5] | Batch [4790/15425] | Loss: 0.2043
Epoch [1/5] | Batch [4800/15425] | Loss: 0.1860
Epoch [1/5] | Batch [4810/15425] | Loss: 0.2074
Epoch [1/5] | Batch [4820/15425] | Loss: 0.2673
Epoch [1/5] | Batch [4830/15425] | Loss: 0.2196
Epoch [1/5] | Batch [4840/15425] | Loss: 0.1764
Epoch [1/5] | Batch [4850/15425] | Loss: 0.1721
Epoch [1/5] | Batch [4860/15425] | Loss: 0.2519
Epoch [1/5] | Batch [4870/15425] | Loss: 0.1984
Epoch [1/5] | Batch [4880/15425] | Loss: 0.2200
Epoch [1/5] | Batch [4890/15425] | Loss: 0.1842
Epoch [1/5] | Batch [4900/15425] | Loss: 0.1975
Epoch [1/5] | Batch [4910/15425] | Loss: 0.1714
Epoch [1/5] | Batch [4920/15425] | Loss: 0.1836
Epoch [1/5] | Batch [4930/15425] | Loss: 0.1914
Epoch [1/5] | Batch [4940/15425] | Loss: 0.2423
Epoch [1/5] | Batch [4950/15425] | Loss: 0.1800
Epoch [1/5] | Batch [4960/15425] | Loss: 0.1828
Epoch [1/5] | Batch [4970/15425] | Loss: 0.1876
Epoch [1/5] | Batch [4980/15425] | Loss: 0.2226
Epoch [1/5] | Batch [4990/15425] | Loss: 0.1922
  [VAL @ step 5000] val_loss=0.2021 | best=0.1992
  [CHECKPOINT] Saved at vla_checkpoints/lora_epoch_1_step_5000
Epoch [1/5] | Batch [5000/15425] | Loss: 0.1956
Epoch [1/5] | Batch [5010/15425] | Loss: 0.1649
Epoch [1/5] | Batch [5020/15425] | Loss: 0.2064
Epoch [1/5] | Batch [5030/15425] | Loss: 0.1561
Epoch [1/5] | Batch [5040/15425] | Loss: 0.1787
Epoch [1/5] | Batch [5050/15425] | Loss: 0.2018
Epoch [1/5] | Batch [5060/15425] | Loss: 0.1901
Epoch [1/5] | Batch [5070/15425] | Loss: 0.1886
Epoch [1/5] | Batch [5080/15425] | Loss: 0.1673
Epoch [1/5] | Batch [5090/15425] | Loss: 0.1767
Epoch [1/5] | Batch [5100/15425] | Loss: 0.2412
Epoch [1/5] | Batch [5110/15425] | Loss: 0.1693
Epoch [1/5] | Batch [5120/15425] | Loss: 0.1878
Epoch [1/5] | Batch [5130/15425] | Loss: 0.2152
Epoch [1/5] | Batch [5140/15425] | Loss: 0.1853
Epoch [1/5] | Batch [5150/15425] | Loss: 0.1906
Epoch [1/5] | Batch [5160/15425] | Loss: 0.1891
Epoch [1/5] | Batch [5170/15425] | Loss: 0.1873
Epoch [1/5] | Batch [5180/15425] | Loss: 0.1827
Epoch [1/5] | Batch [5190/15425] | Loss: 0.2538
Epoch [1/5] | Batch [5200/15425] | Loss: 0.1761
Epoch [1/5] | Batch [5210/15425] | Loss: 0.1956
Epoch [1/5] | Batch [5220/15425] | Loss: 0.1865
Epoch [1/5] | Batch [5230/15425] | Loss: 0.1781
Epoch [1/5] | Batch [5240/15425] | Loss: 0.2131
Epoch [1/5] | Batch [5250/15425] | Loss: 0.1775
Epoch [1/5] | Batch [5260/15425] | Loss: 0.1828
Epoch [1/5] | Batch [5270/15425] | Loss: 0.1883
Epoch [1/5] | Batch [5280/15425] | Loss: 0.1845
Epoch [1/5] | Batch [5290/15425] | Loss: 0.2078
Epoch [1/5] | Batch [5300/15425] | Loss: 0.1691
Epoch [1/5] | Batch [5310/15425] | Loss: 0.2228
Epoch [1/5] | Batch [5320/15425] | Loss: 0.1749
Epoch [1/5] | Batch [5330/15425] | Loss: 0.1917
Epoch [1/5] | Batch [5340/15425] | Loss: 0.1857
Epoch [1/5] | Batch [5350/15425] | Loss: 0.1805
Epoch [1/5] | Batch [5360/15425] | Loss: 0.1810
Epoch [1/5] | Batch [5370/15425] | Loss: 0.1976
Epoch [1/5] | Batch [5380/15425] | Loss: 0.1923
Epoch [1/5] | Batch [5390/15425] | Loss: 0.1751
Epoch [1/5] | Batch [5400/15425] | Loss: 0.1550
Epoch [1/5] | Batch [5410/15425] | Loss: 0.1820
Epoch [1/5] | Batch [5420/15425] | Loss: 0.1990
Epoch [1/5] | Batch [5430/15425] | Loss: 0.1703
Epoch [1/5] | Batch [5440/15425] | Loss: 0.1950
Epoch [1/5] | Batch [5450/15425] | Loss: 0.1837
Epoch [1/5] | Batch [5460/15425] | Loss: 0.1758
Epoch [1/5] | Batch [5470/15425] | Loss: 0.1717
Epoch [1/5] | Batch [5480/15425] | Loss: 0.1793
Epoch [1/5] | Batch [5490/15425] | Loss: 0.1649
  [VAL @ step 5500] val_loss=0.1890 | best=0.1992
  [BEST] New best model saved to vla_checkpoints/lora_best
  [CHECKPOINT] Saved at vla_checkpoints/lora_epoch_1_step_5500
Epoch [1/5] | Batch [5500/15425] | Loss: 0.2276
Epoch [1/5] | Batch [5510/15425] | Loss: 0.2099
Epoch [1/5] | Batch [5520/15425] | Loss: 0.2266
Epoch [1/5] | Batch [5530/15425] | Loss: 0.2162
Epoch [1/5] | Batch [5540/15425] | Loss: 0.1842
Epoch [1/5] | Batch [5550/15425] | Loss: 0.1909
Epoch [1/5] | Batch [5560/15425] | Loss: 0.1699
Epoch [1/5] | Batch [5570/15425] | Loss: 0.1904
Epoch [1/5] | Batch [5580/15425] | Loss: 0.2350
Epoch [1/5] | Batch [5590/15425] | Loss: 0.1705
Epoch [1/5] | Batch [5600/15425] | Loss: 0.2030
Epoch [1/5] | Batch [5610/15425] | Loss: 0.1965
Epoch [1/5] | Batch [5620/15425] | Loss: 0.2054
Epoch [1/5] | Batch [5630/15425] | Loss: 0.1881
Epoch [1/5] | Batch [5640/15425] | Loss: 0.1823
Epoch [1/5] | Batch [5650/15425] | Loss: 0.1782
Epoch [1/5] | Batch [5660/15425] | Loss: 0.1914
Epoch [1/5] | Batch [5670/15425] | Loss: 0.1525
Epoch [1/5] | Batch [5680/15425] | Loss: 0.1834
Epoch [1/5] | Batch [5690/15425] | Loss: 0.1564
Epoch [1/5] | Batch [5700/15425] | Loss: 0.1801
Epoch [1/5] | Batch [5710/15425] | Loss: 0.1822
Epoch [1/5] | Batch [5720/15425] | Loss: 0.1885
Epoch [1/5] | Batch [5730/15425] | Loss: 0.1990
Epoch [1/5] | Batch [5740/15425] | Loss: 0.2088
Epoch [1/5] | Batch [5750/15425] | Loss: 0.2002
Epoch [1/5] | Batch [5760/15425] | Loss: 0.2179
Epoch [1/5] | Batch [5770/15425] | Loss: 0.1842
Epoch [1/5] | Batch [5780/15425] | Loss: 0.1578
Epoch [1/5] | Batch [5790/15425] | Loss: 0.1741
Epoch [1/5] | Batch [5800/15425] | Loss: 0.2046
Epoch [1/5] | Batch [5810/15425] | Loss: 0.1656
Epoch [1/5] | Batch [5820/15425] | Loss: 0.1814
Epoch [1/5] | Batch [5830/15425] | Loss: 0.1949
Epoch [1/5] | Batch [5840/15425] | Loss: 0.1885
Epoch [1/5] | Batch [5850/15425] | Loss: 0.1653
Epoch [1/5] | Batch [5860/15425] | Loss: 0.2109
Epoch [1/5] | Batch [5870/15425] | Loss: 0.2048
Epoch [1/5] | Batch [5880/15425] | Loss: 0.1576
Epoch [1/5] | Batch [5890/15425] | Loss: 0.1875
Epoch [1/5] | Batch [5900/15425] | Loss: 0.2048
Epoch [1/5] | Batch [5910/15425] | Loss: 0.2043
Epoch [1/5] | Batch [5920/15425] | Loss: 0.1786
Epoch [1/5] | Batch [5930/15425] | Loss: 0.1810
Epoch [1/5] | Batch [5940/15425] | Loss: 0.2135
Epoch [1/5] | Batch [5950/15425] | Loss: 0.1993
Epoch [1/5] | Batch [5960/15425] | Loss: 0.1783
Epoch [1/5] | Batch [5970/15425] | Loss: 0.1753
Epoch [1/5] | Batch [5980/15425] | Loss: 0.2247
Epoch [1/5] | Batch [5990/15425] | Loss: 0.2041
  [VAL @ step 6000] val_loss=0.1898 | best=0.1890
  [CHECKPOINT] Saved at vla_checkpoints/lora_epoch_1_step_6000
Epoch [1/5] | Batch [6000/15425] | Loss: 0.1864
Epoch [1/5] | Batch [6010/15425] | Loss: 0.1851
Epoch [1/5] | Batch [6020/15425] | Loss: 0.1783
Epoch [1/5] | Batch [6030/15425] | Loss: 0.1712
Epoch [1/5] | Batch [6040/15425] | Loss: 0.1718
Epoch [1/5] | Batch [6050/15425] | Loss: 0.1873
Epoch [1/5] | Batch [6060/15425] | Loss: 0.1899
Epoch [1/5] | Batch [6070/15425] | Loss: 0.2334
Epoch [1/5] | Batch [6080/15425] | Loss: 0.1835
Epoch [1/5] | Batch [6090/15425] | Loss: 0.2066
Epoch [1/5] | Batch [6100/15425] | Loss: 0.1644
Epoch [1/5] | Batch [6110/15425] | Loss: 0.2124
Epoch [1/5] | Batch [6120/15425] | Loss: 0.1731
Epoch [1/5] | Batch [6130/15425] | Loss: 0.1770
Epoch [1/5] | Batch [6140/15425] | Loss: 0.1890
Epoch [1/5] | Batch [6150/15425] | Loss: 0.1833
Epoch [1/5] | Batch [6160/15425] | Loss: 0.2092
Epoch [1/5] | Batch [6170/15425] | Loss: 0.1864
Epoch [1/5] | Batch [6180/15425] | Loss: 0.1971
Epoch [1/5] | Batch [6190/15425] | Loss: 0.1836
Epoch [1/5] | Batch [6200/15425] | Loss: 0.2028
Epoch [1/5] | Batch [6210/15425] | Loss: 0.1775
Epoch [1/5] | Batch [6220/15425] | Loss: 0.1985
Epoch [1/5] | Batch [6230/15425] | Loss: 0.1979
Epoch [1/5] | Batch [6240/15425] | Loss: 0.1752
Epoch [1/5] | Batch [6250/15425] | Loss: 0.2160
Epoch [1/5] | Batch [6260/15425] | Loss: 0.1679
Epoch [1/5] | Batch [6270/15425] | Loss: 0.2363
Epoch [1/5] | Batch [6280/15425] | Loss: 0.1760
Epoch [1/5] | Batch [6290/15425] | Loss: 0.1875
Epoch [1/5] | Batch [6300/15425] | Loss: 0.1918
Epoch [1/5] | Batch [6310/15425] | Loss: 0.1718
Epoch [1/5] | Batch [6320/15425] | Loss: 0.1848
Epoch [1/5] | Batch [6330/15425] | Loss: 0.1948
Epoch [1/5] | Batch [6340/15425] | Loss: 0.1721
Epoch [1/5] | Batch [6350/15425] | Loss: 0.2279
Epoch [1/5] | Batch [6360/15425] | Loss: 0.1883
Epoch [1/5] | Batch [6370/15425] | Loss: 0.2052
Epoch [1/5] | Batch [6380/15425] | Loss: 0.1957
Epoch [1/5] | Batch [6390/15425] | Loss: 0.1704
Epoch [1/5] | Batch [6400/15425] | Loss: 0.1577
Epoch [1/5] | Batch [6410/15425] | Loss: 0.1798
Epoch [1/5] | Batch [6420/15425] | Loss: 0.1725
Epoch [1/5] | Batch [6430/15425] | Loss: 0.1825
Epoch [1/5] | Batch [6440/15425] | Loss: 0.1573
Epoch [1/5] | Batch [6450/15425] | Loss: 0.2489
Epoch [1/5] | Batch [6460/15425] | Loss: 0.2264
Epoch [1/5] | Batch [6470/15425] | Loss: 0.1646
Epoch [1/5] | Batch [6480/15425] | Loss: 0.1871
Epoch [1/5] | Batch [6490/15425] | Loss: 0.2149
  [VAL @ step 6500] val_loss=0.1871 | best=0.1890
  [BEST] New best model saved to vla_checkpoints/lora_best
  [CHECKPOINT] Saved at vla_checkpoints/lora_epoch_1_step_6500
Epoch [1/5] | Batch [6500/15425] | Loss: 0.1975
Epoch [1/5] | Batch [6510/15425] | Loss: 0.1784
Epoch [1/5] | Batch [6520/15425] | Loss: 0.2003
Epoch [1/5] | Batch [6530/15425] | Loss: 0.1841
Epoch [1/5] | Batch [6540/15425] | Loss: 0.2028
Epoch [1/5] | Batch [6550/15425] | Loss: 0.1894
Epoch [1/5] | Batch [6560/15425] | Loss: 0.1840
Epoch [1/5] | Batch [6570/15425] | Loss: 0.1547
Epoch [1/5] | Batch [6580/15425] | Loss: 0.1554
Epoch [1/5] | Batch [6590/15425] | Loss: 0.1745
Epoch [1/5] | Batch [6600/15425] | Loss: 0.1894
Epoch [1/5] | Batch [6610/15425] | Loss: 0.1779
Epoch [1/5] | Batch [6620/15425] | Loss: 0.2374
Epoch [1/5] | Batch [6630/15425] | Loss: 0.1718
Epoch [1/5] | Batch [6640/15425] | Loss: 0.2044
Epoch [1/5] | Batch [6650/15425] | Loss: 0.2080
Epoch [1/5] | Batch [6660/15425] | Loss: 0.1932
Epoch [1/5] | Batch [6670/15425] | Loss: 0.1938
Epoch [1/5] | Batch [6680/15425] | Loss: 0.1925
Epoch [1/5] | Batch [6690/15425] | Loss: 0.1623
Epoch [1/5] | Batch [6700/15425] | Loss: 0.1806
Epoch [1/5] | Batch [6710/15425] | Loss: 0.1957
Epoch [1/5] | Batch [6720/15425] | Loss: 0.1794
Epoch [1/5] | Batch [6730/15425] | Loss: 0.1616
Epoch [1/5] | Batch [6740/15425] | Loss: 0.1825
Epoch [1/5] | Batch [6750/15425] | Loss: 0.2177
Epoch [1/5] | Batch [6760/15425] | Loss: 0.1675
Epoch [1/5] | Batch [6770/15425] | Loss: 0.1579
Epoch [1/5] | Batch [6780/15425] | Loss: 0.1794
Epoch [1/5] | Batch [6790/15425] | Loss: 0.1812
Epoch [1/5] | Batch [6800/15425] | Loss: 0.1839
Epoch [1/5] | Batch [6810/15425] | Loss: 0.1801
Epoch [1/5] | Batch [6820/15425] | Loss: 0.1779
Epoch [1/5] | Batch [6830/15425] | Loss: 0.2186
Epoch [1/5] | Batch [6840/15425] | Loss: 0.2391
Epoch [1/5] | Batch [6850/15425] | Loss: 0.2350
Epoch [1/5] | Batch [6860/15425] | Loss: 0.1804
Epoch [1/5] | Batch [6870/15425] | Loss: 0.1915
Epoch [1/5] | Batch [6880/15425] | Loss: 0.1906
Epoch [1/5] | Batch [6890/15425] | Loss: 0.1805
Epoch [1/5] | Batch [6900/15425] | Loss: 0.1920
Epoch [1/5] | Batch [6910/15425] | Loss: 0.1922
Epoch [1/5] | Batch [6920/15425] | Loss: 0.1846
Epoch [1/5] | Batch [6930/15425] | Loss: 0.1930
Epoch [1/5] | Batch [6940/15425] | Loss: 0.1685
Epoch [1/5] | Batch [6950/15425] | Loss: 0.1692
Epoch [1/5] | Batch [6960/15425] | Loss: 0.2067
Epoch [1/5] | Batch [6970/15425] | Loss: 0.1534
Epoch [1/5] | Batch [6980/15425] | Loss: 0.2317
Epoch [1/5] | Batch [6990/15425] | Loss: 0.2183
  [VAL @ step 7000] val_loss=0.1900 | best=0.1871
  [CHECKPOINT] Saved at vla_checkpoints/lora_epoch_1_step_7000
Epoch [1/5] | Batch [7000/15425] | Loss: 0.1585
Epoch [1/5] | Batch [7010/15425] | Loss: 0.2131
Epoch [1/5] | Batch [7020/15425] | Loss: 0.1765
Epoch [1/5] | Batch [7030/15425] | Loss: 0.1650
Epoch [1/5] | Batch [7040/15425] | Loss: 0.1702
Epoch [1/5] | Batch [7050/15425] | Loss: 0.1598
Epoch [1/5] | Batch [7060/15425] | Loss: 0.1983
Epoch [1/5] | Batch [7070/15425] | Loss: 0.2058
Epoch [1/5] | Batch [7080/15425] | Loss: 0.1663
Epoch [1/5] | Batch [7090/15425] | Loss: 0.1680
Epoch [1/5] | Batch [7100/15425] | Loss: 0.1537
Epoch [1/5] | Batch [7110/15425] | Loss: 0.1830
Epoch [1/5] | Batch [7120/15425] | Loss: 0.1940
Epoch [1/5] | Batch [7130/15425] | Loss: 0.2214
Epoch [1/5] | Batch [7140/15425] | Loss: 0.1785
Epoch [1/5] | Batch [7150/15425] | Loss: 0.1817
Epoch [1/5] | Batch [7160/15425] | Loss: 0.1830
Epoch [1/5] | Batch [7170/15425] | Loss: 0.2127
Epoch [1/5] | Batch [7180/15425] | Loss: 0.1688
Epoch [1/5] | Batch [7190/15425] | Loss: 0.1924
Epoch [1/5] | Batch [7200/15425] | Loss: 0.1860
Epoch [1/5] | Batch [7210/15425] | Loss: 0.1960
Epoch [1/5] | Batch [7220/15425] | Loss: 0.1769
Epoch [1/5] | Batch [7230/15425] | Loss: 0.1541
Epoch [1/5] | Batch [7240/15425] | Loss: 0.1975
Epoch [1/5] | Batch [7250/15425] | Loss: 0.1818
Epoch [1/5] | Batch [7260/15425] | Loss: 0.1775
Epoch [1/5] | Batch [7270/15425] | Loss: 0.2220
Epoch [1/5] | Batch [7280/15425] | Loss: 0.1679
Epoch [1/5] | Batch [7290/15425] | Loss: 0.1576
Epoch [1/5] | Batch [7300/15425] | Loss: 0.2001
Epoch [1/5] | Batch [7310/15425] | Loss: 0.1602
Epoch [1/5] | Batch [7320/15425] | Loss: 0.1905
Epoch [1/5] | Batch [7330/15425] | Loss: 0.1831
Epoch [1/5] | Batch [7340/15425] | Loss: 0.1519
Epoch [1/5] | Batch [7350/15425] | Loss: 0.1864
Epoch [1/5] | Batch [7360/15425] | Loss: 0.1555
Epoch [1/5] | Batch [7370/15425] | Loss: 0.1731
Epoch [1/5] | Batch [7380/15425] | Loss: 0.1862
Epoch [1/5] | Batch [7390/15425] | Loss: 0.1925
Epoch [1/5] | Batch [7400/15425] | Loss: 0.1693
Epoch [1/5] | Batch [7410/15425] | Loss: 0.2060
Epoch [1/5] | Batch [7420/15425] | Loss: 0.1745
Epoch [1/5] | Batch [7430/15425] | Loss: 0.1637
Epoch [1/5] | Batch [7440/15425] | Loss: 0.1698
Epoch [1/5] | Batch [7450/15425] | Loss: 0.1665
Epoch [1/5] | Batch [7460/15425] | Loss: 0.1588
Epoch [1/5] | Batch [7470/15425] | Loss: 0.1801
Epoch [1/5] | Batch [7480/15425] | Loss: 0.1717
Epoch [1/5] | Batch [7490/15425] | Loss: 0.1778
  [VAL @ step 7500] val_loss=0.1847 | best=0.1871
  [BEST] New best model saved to vla_checkpoints/lora_best
  [CHECKPOINT] Saved at vla_checkpoints/lora_epoch_1_step_7500
Epoch [1/5] | Batch [7500/15425] | Loss: 0.1646
Epoch [1/5] | Batch [7510/15425] | Loss: 0.1835
Epoch [1/5] | Batch [7520/15425] | Loss: 0.1708
Epoch [1/5] | Batch [7530/15425] | Loss: 0.2204
Epoch [1/5] | Batch [7540/15425] | Loss: 0.1814
Epoch [1/5] | Batch [7550/15425] | Loss: 0.1571
Epoch [1/5] | Batch [7560/15425] | Loss: 0.1830
Epoch [1/5] | Batch [7570/15425] | Loss: 0.1678
Epoch [1/5] | Batch [7580/15425] | Loss: 0.1675
Epoch [1/5] | Batch [7590/15425] | Loss: 0.2290
Epoch [1/5] | Batch [7600/15425] | Loss: 0.1951
Epoch [1/5] | Batch [7610/15425] | Loss: 0.1930
Epoch [1/5] | Batch [7620/15425] | Loss: 0.1987
Epoch [1/5] | Batch [7630/15425] | Loss: 0.1826
Epoch [1/5] | Batch [7640/15425] | Loss: 0.1565
Epoch [1/5] | Batch [7650/15425] | Loss: 0.1665
Epoch [1/5] | Batch [7660/15425] | Loss: 0.1932
Epoch [1/5] | Batch [7670/15425] | Loss: 0.1492
Epoch [1/5] | Batch [7680/15425] | Loss: 0.2117
Epoch [1/5] | Batch [7690/15425] | Loss: 0.1676
Epoch [1/5] | Batch [7700/15425] | Loss: 0.1778
Epoch [1/5] | Batch [7710/15425] | Loss: 0.1542
Epoch [1/5] | Batch [7720/15425] | Loss: 0.1917
Epoch [1/5] | Batch [7730/15425] | Loss: 0.1722
Epoch [1/5] | Batch [7740/15425] | Loss: 0.2046
Epoch [1/5] | Batch [7750/15425] | Loss: 0.1704
Epoch [1/5] | Batch [7760/15425] | Loss: 0.1709
Epoch [1/5] | Batch [7770/15425] | Loss: 0.1836
Epoch [1/5] | Batch [7780/15425] | Loss: 0.1806
Epoch [1/5] | Batch [7790/15425] | Loss: 0.1987
Epoch [1/5] | Batch [7800/15425] | Loss: 0.1670
Epoch [1/5] | Batch [7810/15425] | Loss: 0.1755
Epoch [1/5] | Batch [7820/15425] | Loss: 0.1678
Epoch [1/5] | Batch [7830/15425] | Loss: 0.1800
Epoch [1/5] | Batch [7840/15425] | Loss: 0.1971
Epoch [1/5] | Batch [7850/15425] | Loss: 0.1658
Epoch [1/5] | Batch [7860/15425] | Loss: 0.2033
Epoch [1/5] | Batch [7870/15425] | Loss: 0.1905
Epoch [1/5] | Batch [7880/15425] | Loss: 0.1665
Epoch [1/5] | Batch [7890/15425] | Loss: 0.1877
Epoch [1/5] | Batch [7900/15425] | Loss: 0.1760
Epoch [1/5] | Batch [7910/15425] | Loss: 0.1895
Epoch [1/5] | Batch [7920/15425] | Loss: 0.1705
Epoch [1/5] | Batch [7930/15425] | Loss: 0.1759
Epoch [1/5] | Batch [7940/15425] | Loss: 0.2063
Epoch [1/5] | Batch [7950/15425] | Loss: 0.1584
Epoch [1/5] | Batch [7960/15425] | Loss: 0.1623
Epoch [1/5] | Batch [7970/15425] | Loss: 0.1577
Epoch [1/5] | Batch [7980/15425] | Loss: 0.2126
Epoch [1/5] | Batch [7990/15425] | Loss: 0.1939
  [VAL @ step 8000] val_loss=0.1782 | best=0.1847
  [BEST] New best model saved to vla_checkpoints/lora_best
  [CHECKPOINT] Saved at vla_checkpoints/lora_epoch_1_step_8000
Epoch [1/5] | Batch [8000/15425] | Loss: 0.1649
Epoch [1/5] | Batch [8010/15425] | Loss: 0.1696
Epoch [1/5] | Batch [8020/15425] | Loss: 0.1891
Epoch [1/5] | Batch [8030/15425] | Loss: 0.1651
Epoch [1/5] | Batch [8040/15425] | Loss: 0.1961
Epoch [1/5] | Batch [8050/15425] | Loss: 0.1743
Epoch [1/5] | Batch [8060/15425] | Loss: 0.1913
Epoch [1/5] | Batch [8070/15425] | Loss: 0.1887
Epoch [1/5] | Batch [8080/15425] | Loss: 0.1811
Epoch [1/5] | Batch [8090/15425] | Loss: 0.2094
Epoch [1/5] | Batch [8100/15425] | Loss: 0.1679
Epoch [1/5] | Batch [8110/15425] | Loss: 0.1794
Epoch [1/5] | Batch [8120/15425] | Loss: 0.1638
Epoch [1/5] | Batch [8130/15425] | Loss: 0.1915
Epoch [1/5] | Batch [8140/15425] | Loss: 0.1948
Epoch [1/5] | Batch [8150/15425] | Loss: 0.1692
Epoch [1/5] | Batch [8160/15425] | Loss: 0.1692
Epoch [1/5] | Batch [8170/15425] | Loss: 0.1773
Epoch [1/5] | Batch [8180/15425] | Loss: 0.1905
Epoch [1/5] | Batch [8190/15425] | Loss: 0.2081
Epoch [1/5] | Batch [8200/15425] | Loss: 0.2073
Epoch [1/5] | Batch [8210/15425] | Loss: 0.1690
Epoch [1/5] | Batch [8220/15425] | Loss: 0.1566
Epoch [1/5] | Batch [8230/15425] | Loss: 0.1603
Epoch [1/5] | Batch [8240/15425] | Loss: 0.1848
Epoch [1/5] | Batch [8250/15425] | Loss: 0.1700
Epoch [1/5] | Batch [8260/15425] | Loss: 0.2229
Epoch [1/5] | Batch [8270/15425] | Loss: 0.1882
Epoch [1/5] | Batch [8280/15425] | Loss: 0.1799
Epoch [1/5] | Batch [8290/15425] | Loss: 0.2061
Epoch [1/5] | Batch [8300/15425] | Loss: 0.1616
Epoch [1/5] | Batch [8310/15425] | Loss: 0.1665
Epoch [1/5] | Batch [8320/15425] | Loss: 0.1760
Epoch [1/5] | Batch [8330/15425] | Loss: 0.1774
Epoch [1/5] | Batch [8340/15425] | Loss: 0.1699
Epoch [1/5] | Batch [8350/15425] | Loss: 0.1614
Epoch [1/5] | Batch [8360/15425] | Loss: 0.1924
Epoch [1/5] | Batch [8370/15425] | Loss: 0.1820
Epoch [1/5] | Batch [8380/15425] | Loss: 0.1564
Epoch [1/5] | Batch [8390/15425] | Loss: 0.1983
Epoch [1/5] | Batch [8400/15425] | Loss: 0.1686
Epoch [1/5] | Batch [8410/15425] | Loss: 0.1968
Epoch [1/5] | Batch [8420/15425] | Loss: 0.1838
Epoch [1/5] | Batch [8430/15425] | Loss: 0.1714
Epoch [1/5] | Batch [8440/15425] | Loss: 0.1490
Epoch [1/5] | Batch [8450/15425] | Loss: 0.2149
Epoch [1/5] | Batch [8460/15425] | Loss: 0.1571
Epoch [1/5] | Batch [8470/15425] | Loss: 0.1737
Epoch [1/5] | Batch [8480/15425] | Loss: 0.2170
Epoch [1/5] | Batch [8490/15425] | Loss: 0.1625
  [VAL @ step 8500] val_loss=0.1792 | best=0.1782
  [CHECKPOINT] Saved at vla_checkpoints/lora_epoch_1_step_8500
Epoch [1/5] | Batch [8500/15425] | Loss: 0.1719
Epoch [1/5] | Batch [8510/15425] | Loss: 0.2266
Epoch [1/5] | Batch [8520/15425] | Loss: 0.2083
Epoch [1/5] | Batch [8530/15425] | Loss: 0.1532
Epoch [1/5] | Batch [8540/15425] | Loss: 0.1877
Epoch [1/5] | Batch [8550/15425] | Loss: 0.2280
Epoch [1/5] | Batch [8560/15425] | Loss: 0.1648
Epoch [1/5] | Batch [8570/15425] | Loss: 0.1724
Epoch [1/5] | Batch [8580/15425] | Loss: 0.1703
Epoch [1/5] | Batch [8590/15425] | Loss: 0.1772
Epoch [1/5] | Batch [8600/15425] | Loss: 0.1593
Epoch [1/5] | Batch [8610/15425] | Loss: 0.1697
Epoch [1/5] | Batch [8620/15425] | Loss: 0.1897
Epoch [1/5] | Batch [8630/15425] | Loss: 0.1734
Epoch [1/5] | Batch [8640/15425] | Loss: 0.1682
Epoch [1/5] | Batch [8650/15425] | Loss: 0.1624
Epoch [1/5] | Batch [8660/15425] | Loss: 0.1718
Epoch [1/5] | Batch [8670/15425] | Loss: 0.1706
Epoch [1/5] | Batch [8680/15425] | Loss: 0.2357
Epoch [1/5] | Batch [8690/15425] | Loss: 0.1859
Epoch [1/5] | Batch [8700/15425] | Loss: 0.1599
Epoch [1/5] | Batch [8710/15425] | Loss: 0.2068
Epoch [1/5] | Batch [8720/15425] | Loss: 0.1765
Epoch [1/5] | Batch [8730/15425] | Loss: 0.1870
Epoch [1/5] | Batch [8740/15425] | Loss: 0.1773
Epoch [1/5] | Batch [8750/15425] | Loss: 0.1734
Epoch [1/5] | Batch [8760/15425] | Loss: 0.1680
Epoch [1/5] | Batch [8770/15425] | Loss: 0.2343
Epoch [1/5] | Batch [8780/15425] | Loss: 0.1788
Epoch [1/5] | Batch [8790/15425] | Loss: 0.1960
Epoch [1/5] | Batch [8800/15425] | Loss: 0.1876
Epoch [1/5] | Batch [8810/15425] | Loss: 0.1837
Epoch [1/5] | Batch [8820/15425] | Loss: 0.1886
Epoch [1/5] | Batch [8830/15425] | Loss: 0.1957
Epoch [1/5] | Batch [8840/15425] | Loss: 0.1827
Epoch [1/5] | Batch [8850/15425] | Loss: 0.1814
Epoch [1/5] | Batch [8860/15425] | Loss: 0.1691
Epoch [1/5] | Batch [8870/15425] | Loss: 0.2007
Epoch [1/5] | Batch [8880/15425] | Loss: 0.1967
Epoch [1/5] | Batch [8890/15425] | Loss: 0.1788
Epoch [1/5] | Batch [8900/15425] | Loss: 0.2181
Epoch [1/5] | Batch [8910/15425] | Loss: 0.1769
Epoch [1/5] | Batch [8920/15425] | Loss: 0.1969
Epoch [1/5] | Batch [8930/15425] | Loss: 0.1707
Epoch [1/5] | Batch [8940/15425] | Loss: 0.1920
Epoch [1/5] | Batch [8950/15425] | Loss: 0.1399
Epoch [1/5] | Batch [8960/15425] | Loss: 0.2047
Epoch [1/5] | Batch [8970/15425] | Loss: 0.2260
Epoch [1/5] | Batch [8980/15425] | Loss: 0.1663
Epoch [1/5] | Batch [8990/15425] | Loss: 0.1899
  [VAL @ step 9000] val_loss=0.1807 | best=0.1782
  [CHECKPOINT] Saved at vla_checkpoints/lora_epoch_1_step_9000
Epoch [1/5] | Batch [9000/15425] | Loss: 0.2140
Epoch [1/5] | Batch [9010/15425] | Loss: 0.1910
Epoch [1/5] | Batch [9020/15425] | Loss: 0.1822
Epoch [1/5] | Batch [9030/15425] | Loss: 0.2011
Epoch [1/5] | Batch [9040/15425] | Loss: 0.1666
Epoch [1/5] | Batch [9050/15425] | Loss: 0.1818
Epoch [1/5] | Batch [9060/15425] | Loss: 0.1658
Epoch [1/5] | Batch [9070/15425] | Loss: 0.1611
Epoch [1/5] | Batch [9080/15425] | Loss: 0.1687
Epoch [1/5] | Batch [9090/15425] | Loss: 0.2104
Epoch [1/5] | Batch [9100/15425] | Loss: 0.1643
Epoch [1/5] | Batch [9110/15425] | Loss: 0.1671
Epoch [1/5] | Batch [9120/15425] | Loss: 0.1796
Epoch [1/5] | Batch [9130/15425] | Loss: 0.1794
Epoch [1/5] | Batch [9140/15425] | Loss: 0.1847
Epoch [1/5] | Batch [9150/15425] | Loss: 0.1729
Epoch [1/5] | Batch [9160/15425] | Loss: 0.1577
Epoch [1/5] | Batch [9170/15425] | Loss: 0.1690
Epoch [1/5] | Batch [9180/15425] | Loss: 0.1647
Epoch [1/5] | Batch [9190/15425] | Loss: 0.1504
Epoch [1/5] | Batch [9200/15425] | Loss: 0.1879
Epoch [1/5] | Batch [9210/15425] | Loss: 0.1946
Epoch [1/5] | Batch [9220/15425] | Loss: 0.1849
Epoch [1/5] | Batch [9230/15425] | Loss: 0.2034
Epoch [1/5] | Batch [9240/15425] | Loss: 0.1862
Epoch [1/5] | Batch [9250/15425] | Loss: 0.1555
Epoch [1/5] | Batch [9260/15425] | Loss: 0.1760
Epoch [1/5] | Batch [9270/15425] | Loss: 0.1551
Epoch [1/5] | Batch [9280/15425] | Loss: 0.1532
Epoch [1/5] | Batch [9290/15425] | Loss: 0.1668
Epoch [1/5] | Batch [9300/15425] | Loss: 0.2204
Epoch [1/5] | Batch [9310/15425] | Loss: 0.1458
Epoch [1/5] | Batch [9320/15425] | Loss: 0.2727
Epoch [1/5] | Batch [9330/15425] | Loss: 0.1637
Epoch [1/5] | Batch [9340/15425] | Loss: 0.2013
Epoch [1/5] | Batch [9350/15425] | Loss: 0.2081
Epoch [1/5] | Batch [9360/15425] | Loss: 0.1626
Epoch [1/5] | Batch [9370/15425] | Loss: 0.1691
Epoch [1/5] | Batch [9380/15425] | Loss: 0.1529
Epoch [1/5] | Batch [9390/15425] | Loss: 0.1701
Epoch [1/5] | Batch [9400/15425] | Loss: 0.1828
Epoch [1/5] | Batch [9410/15425] | Loss: 0.2175
Epoch [1/5] | Batch [9420/15425] | Loss: 0.1871
Epoch [1/5] | Batch [9430/15425] | Loss: 0.1997
Epoch [1/5] | Batch [9440/15425] | Loss: 0.1626
Epoch [1/5] | Batch [9450/15425] | Loss: 0.1859
Epoch [1/5] | Batch [9460/15425] | Loss: 0.1995
Epoch [1/5] | Batch [9470/15425] | Loss: 0.1656
Epoch [1/5] | Batch [9480/15425] | Loss: 0.1689
Epoch [1/5] | Batch [9490/15425] | Loss: 0.1866
  [VAL @ step 9500] val_loss=0.1748 | best=0.1782
  [BEST] New best model saved to vla_checkpoints/lora_best
  [CHECKPOINT] Saved at vla_checkpoints/lora_epoch_1_step_9500
Epoch [1/5] | Batch [9500/15425] | Loss: 0.2043
Epoch [1/5] | Batch [9510/15425] | Loss: 0.1960
Epoch [1/5] | Batch [9520/15425] | Loss: 0.1664
Epoch [1/5] | Batch [9530/15425] | Loss: 0.1714
Epoch [1/5] | Batch [9540/15425] | Loss: 0.1677
Epoch [1/5] | Batch [9550/15425] | Loss: 0.1872
Epoch [1/5] | Batch [9560/15425] | Loss: 0.1525
Epoch [1/5] | Batch [9570/15425] | Loss: 0.1672
Epoch [1/5] | Batch [9580/15425] | Loss: 0.2002
Epoch [1/5] | Batch [9590/15425] | Loss: 0.1795
Epoch [1/5] | Batch [9600/15425] | Loss: 0.1689
Epoch [1/5] | Batch [9610/15425] | Loss: 0.1517
Epoch [1/5] | Batch [9620/15425] | Loss: 0.1732
Epoch [1/5] | Batch [9630/15425] | Loss: 0.1967
Epoch [1/5] | Batch [9640/15425] | Loss: 0.1491
Epoch [1/5] | Batch [9650/15425] | Loss: 0.1663
Epoch [1/5] | Batch [9660/15425] | Loss: 0.1686
Epoch [1/5] | Batch [9670/15425] | Loss: 0.1913
Epoch [1/5] | Batch [9680/15425] | Loss: 0.1677
Epoch [1/5] | Batch [9690/15425] | Loss: 0.1875
Epoch [1/5] | Batch [9700/15425] | Loss: 0.1692
Epoch [1/5] | Batch [9710/15425] | Loss: 0.1558
Epoch [1/5] | Batch [9720/15425] | Loss: 0.1857
Epoch [1/5] | Batch [9730/15425] | Loss: 0.1710
Epoch [1/5] | Batch [9740/15425] | Loss: 0.1937
Epoch [1/5] | Batch [9750/15425] | Loss: 0.1630
Epoch [1/5] | Batch [9760/15425] | Loss: 0.2132
Epoch [1/5] | Batch [9770/15425] | Loss: 0.1519
Epoch [1/5] | Batch [9780/15425] | Loss: 0.1545
Epoch [1/5] | Batch [9790/15425] | Loss: 0.2001
Epoch [1/5] | Batch [9800/15425] | Loss: 0.1616
Epoch [1/5] | Batch [9810/15425] | Loss: 0.1530
Epoch [1/5] | Batch [9820/15425] | Loss: 0.1757
Epoch [1/5] | Batch [9830/15425] | Loss: 0.2458
Epoch [1/5] | Batch [9840/15425] | Loss: 0.1851
Epoch [1/5] | Batch [9850/15425] | Loss: 0.1782
Epoch [1/5] | Batch [9860/15425] | Loss: 0.1909
Epoch [1/5] | Batch [9870/15425] | Loss: 0.1431
Epoch [1/5] | Batch [9880/15425] | Loss: 0.1966
Epoch [1/5] | Batch [9890/15425] | Loss: 0.1731
Epoch [1/5] | Batch [9900/15425] | Loss: 0.2527
Epoch [1/5] | Batch [9910/15425] | Loss: 0.1559
Epoch [1/5] | Batch [9920/15425] | Loss: 0.1800
Epoch [1/5] | Batch [9930/15425] | Loss: 0.1833
Epoch [1/5] | Batch [9940/15425] | Loss: 0.1576
Epoch [1/5] | Batch [9950/15425] | Loss: 0.2195
Epoch [1/5] | Batch [9960/15425] | Loss: 0.1695
Epoch [1/5] | Batch [9970/15425] | Loss: 0.1851
Epoch [1/5] | Batch [9980/15425] | Loss: 0.1859
Epoch [1/5] | Batch [9990/15425] | Loss: 0.2056
  [VAL @ step 10000] val_loss=0.1802 | best=0.1748
  [CHECKPOINT] Saved at vla_checkpoints/lora_epoch_1_step_10000
Epoch [1/5] | Batch [10000/15425] | Loss: 0.2002
Epoch [1/5] | Batch [10010/15425] | Loss: 0.1530
Epoch [1/5] | Batch [10020/15425] | Loss: 0.2232
Epoch [1/5] | Batch [10030/15425] | Loss: 0.1975
Epoch [1/5] | Batch [10040/15425] | Loss: 0.1796
Epoch [1/5] | Batch [10050/15425] | Loss: 0.1869
Epoch [1/5] | Batch [10060/15425] | Loss: 0.1783
Epoch [1/5] | Batch [10070/15425] | Loss: 0.1682
Epoch [1/5] | Batch [10080/15425] | Loss: 0.1799
Epoch [1/5] | Batch [10090/15425] | Loss: 0.1758
Epoch [1/5] | Batch [10100/15425] | Loss: 0.1964
Epoch [1/5] | Batch [10110/15425] | Loss: 0.1552
Epoch [1/5] | Batch [10120/15425] | Loss: 0.1953
Epoch [1/5] | Batch [10130/15425] | Loss: 0.1387
Epoch [1/5] | Batch [10140/15425] | Loss: 0.2027
Epoch [1/5] | Batch [10150/15425] | Loss: 0.1824
Epoch [1/5] | Batch [10160/15425] | Loss: 0.1862
Epoch [1/5] | Batch [10170/15425] | Loss: 0.2830
Epoch [1/5] | Batch [10180/15425] | Loss: 0.1618
Epoch [1/5] | Batch [10190/15425] | Loss: 0.1839
Epoch [1/5] | Batch [10200/15425] | Loss: 0.1894
Epoch [1/5] | Batch [10210/15425] | Loss: 0.1640
Epoch [1/5] | Batch [10220/15425] | Loss: 0.2055
Epoch [1/5] | Batch [10230/15425] | Loss: 0.2003
Epoch [1/5] | Batch [10240/15425] | Loss: 0.1628
Epoch [1/5] | Batch [10250/15425] | Loss: 0.1496
Epoch [1/5] | Batch [10260/15425] | Loss: 0.2701
Epoch [1/5] | Batch [10270/15425] | Loss: 0.1848
Epoch [1/5] | Batch [10280/15425] | Loss: 0.1609
Epoch [1/5] | Batch [10290/15425] | Loss: 0.1974
Epoch [1/5] | Batch [10300/15425] | Loss: 0.1730
Epoch [1/5] | Batch [10310/15425] | Loss: 0.1931
Epoch [1/5] | Batch [10320/15425] | Loss: 0.2076
Epoch [1/5] | Batch [10330/15425] | Loss: 0.1917
Epoch [1/5] | Batch [10340/15425] | Loss: 0.1901
Epoch [1/5] | Batch [10350/15425] | Loss: 0.2140
Epoch [1/5] | Batch [10360/15425] | Loss: 0.1974
Epoch [1/5] | Batch [10370/15425] | Loss: 0.1899
Epoch [1/5] | Batch [10380/15425] | Loss: 0.1940
Epoch [1/5] | Batch [10390/15425] | Loss: 0.1859
Epoch [1/5] | Batch [10400/15425] | Loss: 0.1691
Epoch [1/5] | Batch [10410/15425] | Loss: 0.1672
Epoch [1/5] | Batch [10420/15425] | Loss: 0.1838
Epoch [1/5] | Batch [10430/15425] | Loss: 0.2020
Epoch [1/5] | Batch [10440/15425] | Loss: 0.1791
Epoch [1/5] | Batch [10450/15425] | Loss: 0.1928
Epoch [1/5] | Batch [10460/15425] | Loss: 0.1761
Epoch [1/5] | Batch [10470/15425] | Loss: 0.1841
Epoch [1/5] | Batch [10480/15425] | Loss: 0.1586
Epoch [1/5] | Batch [10490/15425] | Loss: 0.1752
  [VAL @ step 10500] val_loss=0.1738 | best=0.1748
  [BEST] New best model saved to vla_checkpoints/lora_best
  [CHECKPOINT] Saved at vla_checkpoints/lora_epoch_1_step_10500
Epoch [1/5] | Batch [10500/15425] | Loss: 0.1506
Epoch [1/5] | Batch [10510/15425] | Loss: 0.1799
Epoch [1/5] | Batch [10520/15425] | Loss: 0.1991
Epoch [1/5] | Batch [10530/15425] | Loss: 0.1821
Epoch [1/5] | Batch [10540/15425] | Loss: 0.1911
Epoch [1/5] | Batch [10550/15425] | Loss: 0.2083
Epoch [1/5] | Batch [10560/15425] | Loss: 0.1670
Epoch [1/5] | Batch [10570/15425] | Loss: 0.1757
Epoch [1/5] | Batch [10580/15425] | Loss: 0.1877
Epoch [1/5] | Batch [10590/15425] | Loss: 0.1581
Epoch [1/5] | Batch [10600/15425] | Loss: 0.1950
Epoch [1/5] | Batch [10610/15425] | Loss: 0.1575
Epoch [1/5] | Batch [10620/15425] | Loss: 0.1674
Epoch [1/5] | Batch [10630/15425] | Loss: 0.2097
Epoch [1/5] | Batch [10640/15425] | Loss: 0.1659
Epoch [1/5] | Batch [10650/15425] | Loss: 0.1535
Epoch [1/5] | Batch [10660/15425] | Loss: 0.1474
Epoch [1/5] | Batch [10670/15425] | Loss: 0.1946
Epoch [1/5] | Batch [10680/15425] | Loss: 0.1608
Epoch [1/5] | Batch [10690/15425] | Loss: 0.1751
Epoch [1/5] | Batch [10700/15425] | Loss: 0.2069
Epoch [1/5] | Batch [10710/15425] | Loss: 0.2026
Epoch [1/5] | Batch [10720/15425] | Loss: 0.1895
Epoch [1/5] | Batch [10730/15425] | Loss: 0.1778
Epoch [1/5] | Batch [10740/15425] | Loss: 0.1572
Epoch [1/5] | Batch [10750/15425] | Loss: 0.2293
Epoch [1/5] | Batch [10760/15425] | Loss: 0.1956
Epoch [1/5] | Batch [10770/15425] | Loss: 0.1571
Epoch [1/5] | Batch [10780/15425] | Loss: 0.1971
Epoch [1/5] | Batch [10790/15425] | Loss: 0.1686
Epoch [1/5] | Batch [10800/15425] | Loss: 0.1689
Epoch [1/5] | Batch [10810/15425] | Loss: 0.2006
Epoch [1/5] | Batch [10820/15425] | Loss: 0.1890
Epoch [1/5] | Batch [10830/15425] | Loss: 0.1786
Epoch [1/5] | Batch [10840/15425] | Loss: 0.1721
Epoch [1/5] | Batch [10850/15425] | Loss: 0.2074
Epoch [1/5] | Batch [10860/15425] | Loss: 0.1608
Epoch [1/5] | Batch [10870/15425] | Loss: 0.1850
Epoch [1/5] | Batch [10880/15425] | Loss: 0.2123
Epoch [1/5] | Batch [10890/15425] | Loss: 0.1755
Epoch [1/5] | Batch [10900/15425] | Loss: 0.1577
Epoch [1/5] | Batch [10910/15425] | Loss: 0.2029
Epoch [1/5] | Batch [10920/15425] | Loss: 0.2019
Epoch [1/5] | Batch [10930/15425] | Loss: 0.1607
Epoch [1/5] | Batch [10940/15425] | Loss: 0.1819
Epoch [1/5] | Batch [10950/15425] | Loss: 0.2114
Epoch [1/5] | Batch [10960/15425] | Loss: 0.2051
Epoch [1/5] | Batch [10970/15425] | Loss: 0.1688
Epoch [1/5] | Batch [10980/15425] | Loss: 0.1702
Epoch [1/5] | Batch [10990/15425] | Loss: 0.1910
  [VAL @ step 11000] val_loss=0.1737 | best=0.1738
  [BEST] New best model saved to vla_checkpoints/lora_best
  [CHECKPOINT] Saved at vla_checkpoints/lora_epoch_1_step_11000
Epoch [1/5] | Batch [11000/15425] | Loss: 0.1625
Epoch [1/5] | Batch [11010/15425] | Loss: 0.2276
Epoch [1/5] | Batch [11020/15425] | Loss: 0.2042
Epoch [1/5] | Batch [11030/15425] | Loss: 0.1878
Epoch [1/5] | Batch [11040/15425] | Loss: 0.1725
Epoch [1/5] | Batch [11050/15425] | Loss: 0.1782
Epoch [1/5] | Batch [11060/15425] | Loss: 0.1819
Epoch [1/5] | Batch [11070/15425] | Loss: 0.1581
Epoch [1/5] | Batch [11080/15425] | Loss: 0.1470
Epoch [1/5] | Batch [11090/15425] | Loss: 0.1703
Epoch [1/5] | Batch [11100/15425] | Loss: 0.1805
Epoch [1/5] | Batch [11110/15425] | Loss: 0.1569
Epoch [1/5] | Batch [11120/15425] | Loss: 0.1916
Epoch [1/5] | Batch [11130/15425] | Loss: 0.1605
Epoch [1/5] | Batch [11140/15425] | Loss: 0.1779
Epoch [1/5] | Batch [11150/15425] | Loss: 0.1573
Epoch [1/5] | Batch [11160/15425] | Loss: 0.1813
Epoch [1/5] | Batch [11170/15425] | Loss: 0.1547
Epoch [1/5] | Batch [11180/15425] | Loss: 0.1534
Epoch [1/5] | Batch [11190/15425] | Loss: 0.1987
Epoch [1/5] | Batch [11200/15425] | Loss: 0.1600
Epoch [1/5] | Batch [11210/15425] | Loss: 0.1655
Epoch [1/5] | Batch [11220/15425] | Loss: 0.1798
Epoch [1/5] | Batch [11230/15425] | Loss: 0.1753
Epoch [1/5] | Batch [11240/15425] | Loss: 0.1430
Epoch [1/5] | Batch [11250/15425] | Loss: 0.1465
Epoch [1/5] | Batch [11260/15425] | Loss: 0.1757
Epoch [1/5] | Batch [11270/15425] | Loss: 0.1703
Epoch [1/5] | Batch [11280/15425] | Loss: 0.1592
Epoch [1/5] | Batch [11290/15425] | Loss: 0.2187
Epoch [1/5] | Batch [11300/15425] | Loss: 0.1880
Epoch [1/5] | Batch [11310/15425] | Loss: 0.3018
Epoch [1/5] | Batch [11320/15425] | Loss: 0.1500
Epoch [1/5] | Batch [11330/15425] | Loss: 0.1757
Epoch [1/5] | Batch [11340/15425] | Loss: 0.1672
Epoch [1/5] | Batch [11350/15425] | Loss: 0.1525
Epoch [1/5] | Batch [11360/15425] | Loss: 0.1835
Epoch [1/5] | Batch [11370/15425] | Loss: 0.2029
Epoch [1/5] | Batch [11380/15425] | Loss: 0.1799
Epoch [1/5] | Batch [11390/15425] | Loss: 0.1854
Epoch [1/5] | Batch [11400/15425] | Loss: 0.1693
Epoch [1/5] | Batch [11410/15425] | Loss: 0.1736
Epoch [1/5] | Batch [11420/15425] | Loss: 0.1655
Epoch [1/5] | Batch [11430/15425] | Loss: 0.1722
Epoch [1/5] | Batch [11440/15425] | Loss: 0.1970
Epoch [1/5] | Batch [11450/15425] | Loss: 0.1845
Epoch [1/5] | Batch [11460/15425] | Loss: 0.1722
Epoch [1/5] | Batch [11470/15425] | Loss: 0.1789
Epoch [1/5] | Batch [11480/15425] | Loss: 0.1888
Epoch [1/5] | Batch [11490/15425] | Loss: 0.1582
  [VAL @ step 11500] val_loss=0.1750 | best=0.1737
  [CHECKPOINT] Saved at vla_checkpoints/lora_epoch_1_step_11500
Epoch [1/5] | Batch [11500/15425] | Loss: 0.1599
Epoch [1/5] | Batch [11510/15425] | Loss: 0.2525
Epoch [1/5] | Batch [11520/15425] | Loss: 0.1670
Epoch [1/5] | Batch [11530/15425] | Loss: 0.1610
Epoch [1/5] | Batch [11540/15425] | Loss: 0.1797
Epoch [1/5] | Batch [11550/15425] | Loss: 0.1797
Epoch [1/5] | Batch [11560/15425] | Loss: 0.1945
Epoch [1/5] | Batch [11570/15425] | Loss: 0.1821
Epoch [1/5] | Batch [11580/15425] | Loss: 0.1533
Epoch [1/5] | Batch [11590/15425] | Loss: 0.2514
Epoch [1/5] | Batch [11600/15425] | Loss: 0.1540
Epoch [1/5] | Batch [11610/15425] | Loss: 0.1700
Epoch [1/5] | Batch [11620/15425] | Loss: 0.1564
Epoch [1/5] | Batch [11630/15425] | Loss: 0.1652
Epoch [1/5] | Batch [11640/15425] | Loss: 0.1775
Epoch [1/5] | Batch [11650/15425] | Loss: 0.1929
Epoch [1/5] | Batch [11660/15425] | Loss: 0.1748
Epoch [1/5] | Batch [11670/15425] | Loss: 0.1604
Epoch [1/5] | Batch [11680/15425] | Loss: 0.1412
Epoch [1/5] | Batch [11690/15425] | Loss: 0.1600
Epoch [1/5] | Batch [11700/15425] | Loss: 0.1787
Epoch [1/5] | Batch [11710/15425] | Loss: 0.1548
Epoch [1/5] | Batch [11720/15425] | Loss: 0.1725
Epoch [1/5] | Batch [11730/15425] | Loss: 0.1761
Epoch [1/5] | Batch [11740/15425] | Loss: 0.1670
Epoch [1/5] | Batch [11750/15425] | Loss: 0.1701
Epoch [1/5] | Batch [11760/15425] | Loss: 0.1813
Epoch [1/5] | Batch [11770/15425] | Loss: 0.1591
Epoch [1/5] | Batch [11780/15425] | Loss: 0.1949
Epoch [1/5] | Batch [11790/15425] | Loss: 0.1543
Epoch [1/5] | Batch [11800/15425] | Loss: 0.1813
Epoch [1/5] | Batch [11810/15425] | Loss: 0.1964
Epoch [1/5] | Batch [11820/15425] | Loss: 0.1652
Epoch [1/5] | Batch [11830/15425] | Loss: 0.2028
Epoch [1/5] | Batch [11840/15425] | Loss: 0.1907
Epoch [1/5] | Batch [11850/15425] | Loss: 0.1723
Epoch [1/5] | Batch [11860/15425] | Loss: 0.3477
Epoch [1/5] | Batch [11870/15425] | Loss: 0.1422
Epoch [1/5] | Batch [11880/15425] | Loss: 0.1738
Epoch [1/5] | Batch [11890/15425] | Loss: 0.1830
Epoch [1/5] | Batch [11900/15425] | Loss: 0.1880
Epoch [1/5] | Batch [11910/15425] | Loss: 0.1686
Epoch [1/5] | Batch [11920/15425] | Loss: 0.1909
Epoch [1/5] | Batch [11930/15425] | Loss: 0.1792
Epoch [1/5] | Batch [11940/15425] | Loss: 0.1561
Epoch [1/5] | Batch [11950/15425] | Loss: 0.1661
Epoch [1/5] | Batch [11960/15425] | Loss: 0.1810
Epoch [1/5] | Batch [11970/15425] | Loss: 0.1618
Epoch [1/5] | Batch [11980/15425] | Loss: 0.1551
Epoch [1/5] | Batch [11990/15425] | Loss: 0.1706
  [VAL @ step 12000] val_loss=0.1732 | best=0.1737
  [BEST] New best model saved to vla_checkpoints/lora_best
  [CHECKPOINT] Saved at vla_checkpoints/lora_epoch_1_step_12000
Epoch [1/5] | Batch [12000/15425] | Loss: 0.1812
Epoch [1/5] | Batch [12010/15425] | Loss: 0.1569
Epoch [1/5] | Batch [12020/15425] | Loss: 0.1548
Epoch [1/5] | Batch [12030/15425] | Loss: 0.1474
Epoch [1/5] | Batch [12040/15425] | Loss: 0.1827
Epoch [1/5] | Batch [12050/15425] | Loss: 0.1833
Epoch [1/5] | Batch [12060/15425] | Loss: 0.1667
Epoch [1/5] | Batch [12070/15425] | Loss: 0.1476
Epoch [1/5] | Batch [12080/15425] | Loss: 0.3183
Epoch [1/5] | Batch [12090/15425] | Loss: 0.1586
Epoch [1/5] | Batch [12100/15425] | Loss: 0.1748
Epoch [1/5] | Batch [12110/15425] | Loss: 0.1791
Epoch [1/5] | Batch [12120/15425] | Loss: 0.1525
Epoch [1/5] | Batch [12130/15425] | Loss: 0.1808
Epoch [1/5] | Batch [12140/15425] | Loss: 0.1742
Epoch [1/5] | Batch [12150/15425] | Loss: 0.1840
Epoch [1/5] | Batch [12160/15425] | Loss: 0.1868
Epoch [1/5] | Batch [12170/15425] | Loss: 0.1728
Epoch [1/5] | Batch [12180/15425] | Loss: 0.2233
Epoch [1/5] | Batch [12190/15425] | Loss: 0.1734
Epoch [1/5] | Batch [12200/15425] | Loss: 0.1794
Epoch [1/5] | Batch [12210/15425] | Loss: 0.1520
Epoch [1/5] | Batch [12220/15425] | Loss: 0.2205
Epoch [1/5] | Batch [12230/15425] | Loss: 0.1729
Epoch [1/5] | Batch [12240/15425] | Loss: 0.1651
Epoch [1/5] | Batch [12250/15425] | Loss: 0.1605
Epoch [1/5] | Batch [12260/15425] | Loss: 0.2160
Epoch [1/5] | Batch [12270/15425] | Loss: 0.1643
Epoch [1/5] | Batch [12280/15425] | Loss: 0.1293
Epoch [1/5] | Batch [12290/15425] | Loss: 0.2193
Epoch [1/5] | Batch [12300/15425] | Loss: 0.2034
Epoch [1/5] | Batch [12310/15425] | Loss: 0.1479
Epoch [1/5] | Batch [12320/15425] | Loss: 0.1747
Epoch [1/5] | Batch [12330/15425] | Loss: 0.1877
Epoch [1/5] | Batch [12340/15425] | Loss: 0.1737
Epoch [1/5] | Batch [12350/15425] | Loss: 0.1657
Epoch [1/5] | Batch [12360/15425] | Loss: 0.1791
Epoch [1/5] | Batch [12370/15425] | Loss: 0.1965
Epoch [1/5] | Batch [12380/15425] | Loss: 0.1557
Epoch [1/5] | Batch [12390/15425] | Loss: 0.1619
Epoch [1/5] | Batch [12400/15425] | Loss: 0.1652
Epoch [1/5] | Batch [12410/15425] | Loss: 0.1756
Epoch [1/5] | Batch [12420/15425] | Loss: 0.2112
Epoch [1/5] | Batch [12430/15425] | Loss: 0.1594
Epoch [1/5] | Batch [12440/15425] | Loss: 0.1598
Epoch [1/5] | Batch [12450/15425] | Loss: 0.1612
Epoch [1/5] | Batch [12460/15425] | Loss: 0.1944
Epoch [1/5] | Batch [12470/15425] | Loss: 0.1891
Epoch [1/5] | Batch [12480/15425] | Loss: 0.1710
Epoch [1/5] | Batch [12490/15425] | Loss: 0.1917
  [VAL @ step 12500] val_loss=0.1726 | best=0.1732
  [BEST] New best model saved to vla_checkpoints/lora_best
  [CHECKPOINT] Saved at vla_checkpoints/lora_epoch_1_step_12500
Epoch [1/5] | Batch [12500/15425] | Loss: 0.1759
Epoch [1/5] | Batch [12510/15425] | Loss: 0.1953
Epoch [1/5] | Batch [12520/15425] | Loss: 0.1757
Epoch [1/5] | Batch [12530/15425] | Loss: 0.1782
Epoch [1/5] | Batch [12540/15425] | Loss: 0.1656
Epoch [1/5] | Batch [12550/15425] | Loss: 0.1498
Epoch [1/5] | Batch [12560/15425] | Loss: 0.1760
Epoch [1/5] | Batch [12570/15425] | Loss: 0.1894
Epoch [1/5] | Batch [12580/15425] | Loss: 0.1846
Epoch [1/5] | Batch [12590/15425] | Loss: 0.1610
Epoch [1/5] | Batch [12600/15425] | Loss: 0.1613
Epoch [1/5] | Batch [12610/15425] | Loss: 0.1509
Epoch [1/5] | Batch [12620/15425] | Loss: 0.1890
Epoch [1/5] | Batch [12630/15425] | Loss: 0.1679
Epoch [1/5] | Batch [12640/15425] | Loss: 0.1885
Epoch [1/5] | Batch [12650/15425] | Loss: 0.1676
Epoch [1/5] | Batch [12660/15425] | Loss: 0.1777
Epoch [1/5] | Batch [12670/15425] | Loss: 0.1848
Epoch [1/5] | Batch [12680/15425] | Loss: 0.1676
Epoch [1/5] | Batch [12690/15425] | Loss: 0.1414
Epoch [1/5] | Batch [12700/15425] | Loss: 0.1694
Epoch [1/5] | Batch [12710/15425] | Loss: 0.1690
Epoch [1/5] | Batch [12720/15425] | Loss: 0.1449
Epoch [1/5] | Batch [12730/15425] | Loss: 0.1811
Epoch [1/5] | Batch [12740/15425] | Loss: 0.1487
Epoch [1/5] | Batch [12750/15425] | Loss: 0.2024
Epoch [1/5] | Batch [12760/15425] | Loss: 0.1782
Epoch [1/5] | Batch [12770/15425] | Loss: 0.2018
Epoch [1/5] | Batch [12780/15425] | Loss: 0.2144
Epoch [1/5] | Batch [12790/15425] | Loss: 0.2172
Epoch [1/5] | Batch [12800/15425] | Loss: 0.2444
Epoch [1/5] | Batch [12810/15425] | Loss: 0.1699
Epoch [1/5] | Batch [12820/15425] | Loss: 0.1976
Epoch [1/5] | Batch [12830/15425] | Loss: 0.1675
Epoch [1/5] | Batch [12840/15425] | Loss: 0.1555
Epoch [1/5] | Batch [12850/15425] | Loss: 0.1587
Epoch [1/5] | Batch [12860/15425] | Loss: 0.1765
Epoch [1/5] | Batch [12870/15425] | Loss: 0.1492
Epoch [1/5] | Batch [12880/15425] | Loss: 0.1819
Epoch [1/5] | Batch [12890/15425] | Loss: 0.1577
Epoch [1/5] | Batch [12900/15425] | Loss: 0.1417
Epoch [1/5] | Batch [12910/15425] | Loss: 0.2070
Epoch [1/5] | Batch [12920/15425] | Loss: 0.1546
Epoch [1/5] | Batch [12930/15425] | Loss: 0.1504
Epoch [1/5] | Batch [12940/15425] | Loss: 0.1621
Epoch [1/5] | Batch [12950/15425] | Loss: 0.1695
Epoch [1/5] | Batch [12960/15425] | Loss: 0.1865
Epoch [1/5] | Batch [12970/15425] | Loss: 0.1849
Epoch [1/5] | Batch [12980/15425] | Loss: 0.2051
Epoch [1/5] | Batch [12990/15425] | Loss: 0.1719
  [VAL @ step 13000] val_loss=0.1737 | best=0.1726
  [CHECKPOINT] Saved at vla_checkpoints/lora_epoch_1_step_13000
Epoch [1/5] | Batch [13000/15425] | Loss: 0.2077
Epoch [1/5] | Batch [13010/15425] | Loss: 0.1482
Epoch [1/5] | Batch [13020/15425] | Loss: 0.1652
Epoch [1/5] | Batch [13030/15425] | Loss: 0.1756
Epoch [1/5] | Batch [13040/15425] | Loss: 0.1567
Epoch [1/5] | Batch [13050/15425] | Loss: 0.2014
Epoch [1/5] | Batch [13060/15425] | Loss: 0.2065
Epoch [1/5] | Batch [13070/15425] | Loss: 0.1798
Epoch [1/5] | Batch [13080/15425] | Loss: 0.1881
Epoch [1/5] | Batch [13090/15425] | Loss: 0.1970
Epoch [1/5] | Batch [13100/15425] | Loss: 0.1723
Epoch [1/5] | Batch [13110/15425] | Loss: 0.1544
Epoch [1/5] | Batch [13120/15425] | Loss: 0.1679
Epoch [1/5] | Batch [13130/15425] | Loss: 0.1690
Epoch [1/5] | Batch [13140/15425] | Loss: 0.1664
Epoch [1/5] | Batch [13150/15425] | Loss: 0.1646
Epoch [1/5] | Batch [13160/15425] | Loss: 0.1497
Epoch [1/5] | Batch [13170/15425] | Loss: 0.1613
Epoch [1/5] | Batch [13180/15425] | Loss: 0.1370
Epoch [1/5] | Batch [13190/15425] | Loss: 0.1835
Epoch [1/5] | Batch [13200/15425] | Loss: 0.1576
Epoch [1/5] | Batch [13210/15425] | Loss: 0.1448
Epoch [1/5] | Batch [13220/15425] | Loss: 0.1797
Epoch [1/5] | Batch [13230/15425] | Loss: 0.2232
Epoch [1/5] | Batch [13240/15425] | Loss: 0.1956
Epoch [1/5] | Batch [13250/15425] | Loss: 0.1645
Epoch [1/5] | Batch [13260/15425] | Loss: 0.1453
Epoch [1/5] | Batch [13270/15425] | Loss: 0.2043
Epoch [1/5] | Batch [13280/15425] | Loss: 0.1485
Epoch [1/5] | Batch [13290/15425] | Loss: 0.1997
Epoch [1/5] | Batch [13300/15425] | Loss: 0.2045
Epoch [1/5] | Batch [13310/15425] | Loss: 0.1790
Epoch [1/5] | Batch [13320/15425] | Loss: 0.1849
Epoch [1/5] | Batch [13330/15425] | Loss: 0.1866
Epoch [1/5] | Batch [13340/15425] | Loss: 0.1641
Epoch [1/5] | Batch [13350/15425] | Loss: 0.1797
Epoch [1/5] | Batch [13360/15425] | Loss: 0.1355
Epoch [1/5] | Batch [13370/15425] | Loss: 0.1536
Epoch [1/5] | Batch [13380/15425] | Loss: 0.1959
Epoch [1/5] | Batch [13390/15425] | Loss: 0.1448
Epoch [1/5] | Batch [13400/15425] | Loss: 0.1920
Epoch [1/5] | Batch [13410/15425] | Loss: 0.1854
Epoch [1/5] | Batch [13420/15425] | Loss: 0.1755
Epoch [1/5] | Batch [13430/15425] | Loss: 0.2046
Epoch [1/5] | Batch [13440/15425] | Loss: 0.1460
Epoch [1/5] | Batch [13450/15425] | Loss: 0.1548
Epoch [1/5] | Batch [13460/15425] | Loss: 0.1772
Epoch [1/5] | Batch [13470/15425] | Loss: 0.1641
Epoch [1/5] | Batch [13480/15425] | Loss: 0.2055
Epoch [1/5] | Batch [13490/15425] | Loss: 0.1562
  [VAL @ step 13500] val_loss=0.1674 | best=0.1726
  [BEST] New best model saved to vla_checkpoints/lora_best
  [CHECKPOINT] Saved at vla_checkpoints/lora_epoch_1_step_13500
Epoch [1/5] | Batch [13500/15425] | Loss: 0.1766
Epoch [1/5] | Batch [13510/15425] | Loss: 0.1456
Epoch [1/5] | Batch [13520/15425] | Loss: 0.1757
Epoch [1/5] | Batch [13530/15425] | Loss: 0.1596
Epoch [1/5] | Batch [13540/15425] | Loss: 0.2092
Epoch [1/5] | Batch [13550/15425] | Loss: 0.1600
Epoch [1/5] | Batch [13560/15425] | Loss: 0.1559
Epoch [1/5] | Batch [13570/15425] | Loss: 0.1636
Epoch [1/5] | Batch [13580/15425] | Loss: 0.1828
Epoch [1/5] | Batch [13590/15425] | Loss: 0.1792
Epoch [1/5] | Batch [13600/15425] | Loss: 0.2322
Epoch [1/5] | Batch [13610/15425] | Loss: 0.1908
Epoch [1/5] | Batch [13620/15425] | Loss: 0.2326
Epoch [1/5] | Batch [13630/15425] | Loss: 0.1575
Epoch [1/5] | Batch [13640/15425] | Loss: 0.1939
Epoch [1/5] | Batch [13650/15425] | Loss: 0.1813
Epoch [1/5] | Batch [13660/15425] | Loss: 0.1802
Epoch [1/5] | Batch [13670/15425] | Loss: 0.1692
Epoch [1/5] | Batch [13680/15425] | Loss: 0.1939
Epoch [1/5] | Batch [13690/15425] | Loss: 0.1795
Epoch [1/5] | Batch [13700/15425] | Loss: 0.1990
Epoch [1/5] | Batch [13710/15425] | Loss: 0.1740
Epoch [1/5] | Batch [13720/15425] | Loss: 0.2055
Epoch [1/5] | Batch [13730/15425] | Loss: 0.1741
Epoch [1/5] | Batch [13740/15425] | Loss: 0.2001
Epoch [1/5] | Batch [13750/15425] | Loss: 0.2050
Epoch [1/5] | Batch [13760/15425] | Loss: 0.1689
Epoch [1/5] | Batch [13770/15425] | Loss: 0.1562
Epoch [1/5] | Batch [13780/15425] | Loss: 0.1744
Epoch [1/5] | Batch [13790/15425] | Loss: 0.1776
Epoch [1/5] | Batch [13800/15425] | Loss: 0.1652
Epoch [1/5] | Batch [13810/15425] | Loss: 0.1679
Epoch [1/5] | Batch [13820/15425] | Loss: 0.1787
Epoch [1/5] | Batch [13830/15425] | Loss: 0.1526
Epoch [1/5] | Batch [13840/15425] | Loss: 0.1585
Epoch [1/5] | Batch [13850/15425] | Loss: 0.2330
Epoch [1/5] | Batch [13860/15425] | Loss: 0.2228
Epoch [1/5] | Batch [13870/15425] | Loss: 0.1785
Epoch [1/5] | Batch [13880/15425] | Loss: 0.1816
Epoch [1/5] | Batch [13890/15425] | Loss: 0.1641
Epoch [1/5] | Batch [13900/15425] | Loss: 0.1609
Epoch [1/5] | Batch [13910/15425] | Loss: 0.1700
Epoch [1/5] | Batch [13920/15425] | Loss: 0.1914
Epoch [1/5] | Batch [13930/15425] | Loss: 0.1650
Epoch [1/5] | Batch [13940/15425] | Loss: 0.1463
Epoch [1/5] | Batch [13950/15425] | Loss: 0.1548
Epoch [1/5] | Batch [13960/15425] | Loss: 0.1727
Epoch [1/5] | Batch [13970/15425] | Loss: 0.1693
Epoch [1/5] | Batch [13980/15425] | Loss: 0.1746
Epoch [1/5] | Batch [13990/15425] | Loss: 0.1915
  [VAL @ step 14000] val_loss=0.1715 | best=0.1674
  [CHECKPOINT] Saved at vla_checkpoints/lora_epoch_1_step_14000
Epoch [1/5] | Batch [14000/15425] | Loss: 0.1556
Epoch [1/5] | Batch [14010/15425] | Loss: 0.1700
Epoch [1/5] | Batch [14020/15425] | Loss: 0.1772
Epoch [1/5] | Batch [14030/15425] | Loss: 0.1802
Epoch [1/5] | Batch [14040/15425] | Loss: 0.1718
Epoch [1/5] | Batch [14050/15425] | Loss: 0.1862
Epoch [1/5] | Batch [14060/15425] | Loss: 0.2078
Epoch [1/5] | Batch [14070/15425] | Loss: 0.1537
Epoch [1/5] | Batch [14080/15425] | Loss: 0.1760
Epoch [1/5] | Batch [14090/15425] | Loss: 0.1628
Epoch [1/5] | Batch [14100/15425] | Loss: 0.1530
Epoch [1/5] | Batch [14110/15425] | Loss: 0.1688
Epoch [1/5] | Batch [14120/15425] | Loss: 0.1708
Epoch [1/5] | Batch [14130/15425] | Loss: 0.1710
Epoch [1/5] | Batch [14140/15425] | Loss: 0.1647
Epoch [1/5] | Batch [14150/15425] | Loss: 0.2086
Epoch [1/5] | Batch [14160/15425] | Loss: 0.1606
Epoch [1/5] | Batch [14170/15425] | Loss: 0.1761
Epoch [1/5] | Batch [14180/15425] | Loss: 0.1520
Epoch [1/5] | Batch [14190/15425] | Loss: 0.1670
Epoch [1/5] | Batch [14200/15425] | Loss: 0.1888
Epoch [1/5] | Batch [14210/15425] | Loss: 0.1584
Epoch [1/5] | Batch [14220/15425] | Loss: 0.1777
Epoch [1/5] | Batch [14230/15425] | Loss: 0.1764
Epoch [1/5] | Batch [14240/15425] | Loss: 0.1645
Epoch [1/5] | Batch [14250/15425] | Loss: 0.1768
Epoch [1/5] | Batch [14260/15425] | Loss: 0.1553
Epoch [1/5] | Batch [14270/15425] | Loss: 0.1829
Epoch [1/5] | Batch [14280/15425] | Loss: 0.1585
Epoch [1/5] | Batch [14290/15425] | Loss: 0.1607
Epoch [1/5] | Batch [14300/15425] | Loss: 0.1612
Epoch [1/5] | Batch [14310/15425] | Loss: 0.1825
Epoch [1/5] | Batch [14320/15425] | Loss: 0.1906
Epoch [1/5] | Batch [14330/15425] | Loss: 0.1581
Epoch [1/5] | Batch [14340/15425] | Loss: 0.1657
Epoch [1/5] | Batch [14350/15425] | Loss: 0.2002
Epoch [1/5] | Batch [14360/15425] | Loss: 0.1727
Epoch [1/5] | Batch [14370/15425] | Loss: 0.2190
Epoch [1/5] | Batch [14380/15425] | Loss: 0.1819
Epoch [1/5] | Batch [14390/15425] | Loss: 0.2132
Epoch [1/5] | Batch [14400/15425] | Loss: 0.1748
Epoch [1/5] | Batch [14410/15425] | Loss: 0.1365
Epoch [1/5] | Batch [14420/15425] | Loss: 0.1827
Epoch [1/5] | Batch [14430/15425] | Loss: 0.1710
Epoch [1/5] | Batch [14440/15425] | Loss: 0.1632
Epoch [1/5] | Batch [14450/15425] | Loss: 0.1551
Epoch [1/5] | Batch [14460/15425] | Loss: 0.1731
Epoch [1/5] | Batch [14470/15425] | Loss: 0.1642
Epoch [1/5] | Batch [14480/15425] | Loss: 0.1492
Epoch [1/5] | Batch [14490/15425] | Loss: 0.1677
  [VAL @ step 14500] val_loss=0.1692 | best=0.1674
  [CHECKPOINT] Saved at vla_checkpoints/lora_epoch_1_step_14500
Epoch [1/5] | Batch [14500/15425] | Loss: 0.1433
Epoch [1/5] | Batch [14510/15425] | Loss: 0.2323
Epoch [1/5] | Batch [14520/15425] | Loss: 0.1664
Epoch [1/5] | Batch [14530/15425] | Loss: 0.2206
Epoch [1/5] | Batch [14540/15425] | Loss: 0.1385
Epoch [1/5] | Batch [14550/15425] | Loss: 0.1627
Epoch [1/5] | Batch [14560/15425] | Loss: 0.1911
Epoch [1/5] | Batch [14570/15425] | Loss: 0.1585
Epoch [1/5] | Batch [14580/15425] | Loss: 0.1672
Epoch [1/5] | Batch [14590/15425] | Loss: 0.1918
Epoch [1/5] | Batch [14600/15425] | Loss: 0.1998
Epoch [1/5] | Batch [14610/15425] | Loss: 0.1752
Epoch [1/5] | Batch [14620/15425] | Loss: 0.1755
Epoch [1/5] | Batch [14630/15425] | Loss: 0.1849
Epoch [1/5] | Batch [14640/15425] | Loss: 0.1962
Epoch [1/5] | Batch [14650/15425] | Loss: 0.1572
Epoch [1/5] | Batch [14660/15425] | Loss: 0.1651
Epoch [1/5] | Batch [14670/15425] | Loss: 0.1425
Epoch [1/5] | Batch [14680/15425] | Loss: 0.1437
Epoch [1/5] | Batch [14690/15425] | Loss: 0.2041
Epoch [1/5] | Batch [14700/15425] | Loss: 0.1708
Epoch [1/5] | Batch [14710/15425] | Loss: 0.1869
Epoch [1/5] | Batch [14720/15425] | Loss: 0.1496
Epoch [1/5] | Batch [14730/15425] | Loss: 0.2133
Epoch [1/5] | Batch [14740/15425] | Loss: 0.1657
Epoch [1/5] | Batch [14750/15425] | Loss: 0.2242
Epoch [1/5] | Batch [14760/15425] | Loss: 0.1687
Epoch [1/5] | Batch [14770/15425] | Loss: 0.1723
Epoch [1/5] | Batch [14780/15425] | Loss: 0.1482
Epoch [1/5] | Batch [14790/15425] | Loss: 0.1583
Epoch [1/5] | Batch [14800/15425] | Loss: 0.1519
Epoch [1/5] | Batch [14810/15425] | Loss: 0.2431
Epoch [1/5] | Batch [14820/15425] | Loss: 0.1848
Epoch [1/5] | Batch [14830/15425] | Loss: 0.1617
Epoch [1/5] | Batch [14840/15425] | Loss: 0.1507
Epoch [1/5] | Batch [14850/15425] | Loss: 0.2161
Epoch [1/5] | Batch [14860/15425] | Loss: 0.1779
Epoch [1/5] | Batch [14870/15425] | Loss: 0.2055
Epoch [1/5] | Batch [14880/15425] | Loss: 0.1728
Epoch [1/5] | Batch [14890/15425] | Loss: 0.1758
Epoch [1/5] | Batch [14900/15425] | Loss: 0.1667
Epoch [1/5] | Batch [14910/15425] | Loss: 0.1634
Epoch [1/5] | Batch [14920/15425] | Loss: 0.1814
Epoch [1/5] | Batch [14930/15425] | Loss: 0.1608
Epoch [1/5] | Batch [14940/15425] | Loss: 0.2019
Epoch [1/5] | Batch [14950/15425] | Loss: 0.1590
Epoch [1/5] | Batch [14960/15425] | Loss: 0.1990
Epoch [1/5] | Batch [14970/15425] | Loss: 0.1447
Epoch [1/5] | Batch [14980/15425] | Loss: 0.1668
Epoch [1/5] | Batch [14990/15425] | Loss: 0.1585
  [VAL @ step 15000] val_loss=0.1709 | best=0.1674
  [CHECKPOINT] Saved at vla_checkpoints/lora_epoch_1_step_15000
Epoch [1/5] | Batch [15000/15425] | Loss: 0.1503
Epoch [1/5] | Batch [15010/15425] | Loss: 0.1549
Epoch [1/5] | Batch [15020/15425] | Loss: 0.1525
Epoch [1/5] | Batch [15030/15425] | Loss: 0.1498
Epoch [1/5] | Batch [15040/15425] | Loss: 0.1470
Epoch [1/5] | Batch [15050/15425] | Loss: 0.1390
Epoch [1/5] | Batch [15060/15425] | Loss: 0.1691
Epoch [1/5] | Batch [15070/15425] | Loss: 0.1515
Epoch [1/5] | Batch [15080/15425] | Loss: 0.1524
Epoch [1/5] | Batch [15090/15425] | Loss: 0.1682
Epoch [1/5] | Batch [15100/15425] | Loss: 0.1488
Epoch [1/5] | Batch [15110/15425] | Loss: 0.1570
Epoch [1/5] | Batch [15120/15425] | Loss: 0.1595
Epoch [1/5] | Batch [15130/15425] | Loss: 0.1484
Epoch [1/5] | Batch [15140/15425] | Loss: 0.1808
Epoch [1/5] | Batch [15150/15425] | Loss: 0.1974
Epoch [1/5] | Batch [15160/15425] | Loss: 0.1754
Epoch [1/5] | Batch [15170/15425] | Loss: 0.1421
Epoch [1/5] | Batch [15180/15425] | Loss: 0.2057
Epoch [1/5] | Batch [15190/15425] | Loss: 0.1853
Epoch [1/5] | Batch [15200/15425] | Loss: 0.1945
Epoch [1/5] | Batch [15210/15425] | Loss: 0.1570
Epoch [1/5] | Batch [15220/15425] | Loss: 0.1890
Epoch [1/5] | Batch [15230/15425] | Loss: 0.1499
Epoch [1/5] | Batch [15240/15425] | Loss: 0.1733
Epoch [1/5] | Batch [15250/15425] | Loss: 0.1664
Epoch [1/5] | Batch [15260/15425] | Loss: 0.1694
Epoch [1/5] | Batch [15270/15425] | Loss: 0.1432
Epoch [1/5] | Batch [15280/15425] | Loss: 0.1579
Epoch [1/5] | Batch [15290/15425] | Loss: 0.2068
Epoch [1/5] | Batch [15300/15425] | Loss: 0.1680
Epoch [1/5] | Batch [15310/15425] | Loss: 0.1812
Epoch [1/5] | Batch [15320/15425] | Loss: 0.1821
Epoch [1/5] | Batch [15330/15425] | Loss: 0.1520
Epoch [1/5] | Batch [15340/15425] | Loss: 0.1458
Epoch [1/5] | Batch [15350/15425] | Loss: 0.1631
Epoch [1/5] | Batch [15360/15425] | Loss: 0.1518
Epoch [1/5] | Batch [15370/15425] | Loss: 0.1649
Epoch [1/5] | Batch [15380/15425] | Loss: 0.1709
Epoch [1/5] | Batch [15390/15425] | Loss: 0.1512
Epoch [1/5] | Batch [15400/15425] | Loss: 0.1767
Epoch [1/5] | Batch [15410/15425] | Loss: 0.1928
Epoch [1/5] | Batch [15420/15425] | Loss: 0.1456
--- Epoch 1 Complete | Average Loss: 0.4213 ---
Epoch [2/5] | Batch [0/15425] | Loss: 0.1914
Epoch [2/5] | Batch [10/15425] | Loss: 0.1484
Epoch [2/5] | Batch [20/15425] | Loss: 0.1845
Epoch [2/5] | Batch [30/15425] | Loss: 0.2214
Epoch [2/5] | Batch [40/15425] | Loss: 0.1489
Epoch [2/5] | Batch [50/15425] | Loss: 0.1459
Epoch [2/5] | Batch [60/15425] | Loss: 0.1922
Epoch [2/5] | Batch [70/15425] | Loss: 0.1430
  [VAL @ step 15500] val_loss=0.1710 | best=0.1674
  [CHECKPOINT] Saved at vla_checkpoints/lora_epoch_2_step_15500
Epoch [2/5] | Batch [80/15425] | Loss: 0.1927
Epoch [2/5] | Batch [90/15425] | Loss: 0.2411
Epoch [2/5] | Batch [100/15425] | Loss: 0.1477
Epoch [2/5] | Batch [110/15425] | Loss: 0.1878
Epoch [2/5] | Batch [120/15425] | Loss: 0.1582
Epoch [2/5] | Batch [130/15425] | Loss: 0.1741
Epoch [2/5] | Batch [140/15425] | Loss: 0.2263
Epoch [2/5] | Batch [150/15425] | Loss: 0.1660
Epoch [2/5] | Batch [160/15425] | Loss: 0.1625
Epoch [2/5] | Batch [170/15425] | Loss: 0.1590
Epoch [2/5] | Batch [180/15425] | Loss: 0.1829
Epoch [2/5] | Batch [190/15425] | Loss: 0.1616
Epoch [2/5] | Batch [200/15425] | Loss: 0.1914
Epoch [2/5] | Batch [210/15425] | Loss: 0.1594
Epoch [2/5] | Batch [220/15425] | Loss: 0.1583
Epoch [2/5] | Batch [230/15425] | Loss: 0.1844
Epoch [2/5] | Batch [240/15425] | Loss: 0.1729
Epoch [2/5] | Batch [250/15425] | Loss: 0.1752
Epoch [2/5] | Batch [260/15425] | Loss: 0.1651
Epoch [2/5] | Batch [270/15425] | Loss: 0.1539
Epoch [2/5] | Batch [280/15425] | Loss: 0.1466
Epoch [2/5] | Batch [290/15425] | Loss: 0.1630
Epoch [2/5] | Batch [300/15425] | Loss: 0.1350
Epoch [2/5] | Batch [310/15425] | Loss: 0.1951
Epoch [2/5] | Batch [320/15425] | Loss: 0.1869
Epoch [2/5] | Batch [330/15425] | Loss: 0.1788
Epoch [2/5] | Batch [340/15425] | Loss: 0.1555
Epoch [2/5] | Batch [350/15425] | Loss: 0.1940
Epoch [2/5] | Batch [360/15425] | Loss: 0.1621
Epoch [2/5] | Batch [370/15425] | Loss: 0.1849
Epoch [2/5] | Batch [380/15425] | Loss: 0.1636
Epoch [2/5] | Batch [390/15425] | Loss: 0.1674
Epoch [2/5] | Batch [400/15425] | Loss: 0.1726
Epoch [2/5] | Batch [410/15425] | Loss: 0.1464
Epoch [2/5] | Batch [420/15425] | Loss: 0.1789
Epoch [2/5] | Batch [430/15425] | Loss: 0.1776
Epoch [2/5] | Batch [440/15425] | Loss: 0.2028
Epoch [2/5] | Batch [450/15425] | Loss: 0.2963
Epoch [2/5] | Batch [460/15425] | Loss: 0.1844
Epoch [2/5] | Batch [470/15425] | Loss: 0.2084
Epoch [2/5] | Batch [480/15425] | Loss: 0.1792
Epoch [2/5] | Batch [490/15425] | Loss: 0.1977
Epoch [2/5] | Batch [500/15425] | Loss: 0.1786
Epoch [2/5] | Batch [510/15425] | Loss: 0.1718
Epoch [2/5] | Batch [520/15425] | Loss: 0.1742
Epoch [2/5] | Batch [530/15425] | Loss: 0.1951
Epoch [2/5] | Batch [540/15425] | Loss: 0.1533
Epoch [2/5] | Batch [550/15425] | Loss: 0.1738
Epoch [2/5] | Batch [560/15425] | Loss: 0.1648
Epoch [2/5] | Batch [570/15425] | Loss: 0.1740
  [VAL @ step 16000] val_loss=0.1714 | best=0.1674
  [CHECKPOINT] Saved at vla_checkpoints/lora_epoch_2_step_16000
Epoch [2/5] | Batch [580/15425] | Loss: 0.1425
Epoch [2/5] | Batch [590/15425] | Loss: 0.2135
Epoch [2/5] | Batch [600/15425] | Loss: 0.1677
Epoch [2/5] | Batch [610/15425] | Loss: 0.1534
Epoch [2/5] | Batch [620/15425] | Loss: 0.1562
Epoch [2/5] | Batch [630/15425] | Loss: 0.1534
Epoch [2/5] | Batch [640/15425] | Loss: 0.1594
Epoch [2/5] | Batch [650/15425] | Loss: 0.2058
Epoch [2/5] | Batch [660/15425] | Loss: 0.2757
Epoch [2/5] | Batch [670/15425] | Loss: 0.1630
Epoch [2/5] | Batch [680/15425] | Loss: 0.1737
Epoch [2/5] | Batch [690/15425] | Loss: 0.1683
Epoch [2/5] | Batch [700/15425] | Loss: 0.1425
Epoch [2/5] | Batch [710/15425] | Loss: 0.1598
Epoch [2/5] | Batch [720/15425] | Loss: 0.1886
Epoch [2/5] | Batch [730/15425] | Loss: 0.1801
Epoch [2/5] | Batch [740/15425] | Loss: 0.1499
Epoch [2/5] | Batch [750/15425] | Loss: 0.1697
Epoch [2/5] | Batch [760/15425] | Loss: 0.1943
Epoch [2/5] | Batch [770/15425] | Loss: 0.1602
Epoch [2/5] | Batch [780/15425] | Loss: 0.1950
Epoch [2/5] | Batch [790/15425] | Loss: 0.1834
Epoch [2/5] | Batch [800/15425] | Loss: 0.1569
Epoch [2/5] | Batch [810/15425] | Loss: 0.1631
Epoch [2/5] | Batch [820/15425] | Loss: 0.1723
Epoch [2/5] | Batch [830/15425] | Loss: 0.1403
Epoch [2/5] | Batch [840/15425] | Loss: 0.1776
Epoch [2/5] | Batch [850/15425] | Loss: 0.2001
Epoch [2/5] | Batch [860/15425] | Loss: 0.1717
Epoch [2/5] | Batch [870/15425] | Loss: 0.1687
Epoch [2/5] | Batch [880/15425] | Loss: 0.1699
Epoch [2/5] | Batch [890/15425] | Loss: 0.1898
Epoch [2/5] | Batch [900/15425] | Loss: 0.1674
Epoch [2/5] | Batch [910/15425] | Loss: 0.1522
Epoch [2/5] | Batch [920/15425] | Loss: 0.1926
Epoch [2/5] | Batch [930/15425] | Loss: 0.1581
Epoch [2/5] | Batch [940/15425] | Loss: 0.1533
Epoch [2/5] | Batch [950/15425] | Loss: 0.1691
Epoch [2/5] | Batch [960/15425] | Loss: 0.1569
Epoch [2/5] | Batch [970/15425] | Loss: 0.1634
Epoch [2/5] | Batch [980/15425] | Loss: 0.2118
Epoch [2/5] | Batch [990/15425] | Loss: 0.1900
Epoch [2/5] | Batch [1000/15425] | Loss: 0.1620
Epoch [2/5] | Batch [1010/15425] | Loss: 0.2131
Epoch [2/5] | Batch [1020/15425] | Loss: 0.1964
Epoch [2/5] | Batch [1030/15425] | Loss: 0.2176
Epoch [2/5] | Batch [1040/15425] | Loss: 0.1699
Epoch [2/5] | Batch [1050/15425] | Loss: 0.1505
Epoch [2/5] | Batch [1060/15425] | Loss: 0.2410
Epoch [2/5] | Batch [1070/15425] | Loss: 0.1566
  [VAL @ step 16500] val_loss=0.1662 | best=0.1674
  [BEST] New best model saved to vla_checkpoints/lora_best
  [CHECKPOINT] Saved at vla_checkpoints/lora_epoch_2_step_16500
Epoch [2/5] | Batch [1080/15425] | Loss: 0.1443
Epoch [2/5] | Batch [1090/15425] | Loss: 0.1887
Epoch [2/5] | Batch [1100/15425] | Loss: 0.1686
Epoch [2/5] | Batch [1110/15425] | Loss: 0.1472
Epoch [2/5] | Batch [1120/15425] | Loss: 0.1945
Epoch [2/5] | Batch [1130/15425] | Loss: 0.1791
Epoch [2/5] | Batch [1140/15425] | Loss: 0.1605
Epoch [2/5] | Batch [1150/15425] | Loss: 0.1502
Epoch [2/5] | Batch [1160/15425] | Loss: 0.1860
Epoch [2/5] | Batch [1170/15425] | Loss: 0.1730
Epoch [2/5] | Batch [1180/15425] | Loss: 0.1938
Epoch [2/5] | Batch [1190/15425] | Loss: 0.1704
Epoch [2/5] | Batch [1200/15425] | Loss: 0.1357
Epoch [2/5] | Batch [1210/15425] | Loss: 0.1881
Epoch [2/5] | Batch [1220/15425] | Loss: 0.1548
Epoch [2/5] | Batch [1230/15425] | Loss: 0.1843
Epoch [2/5] | Batch [1240/15425] | Loss: 0.1710
Epoch [2/5] | Batch [1250/15425] | Loss: 0.1803
Epoch [2/5] | Batch [1260/15425] | Loss: 0.2043
Epoch [2/5] | Batch [1270/15425] | Loss: 0.1560
Epoch [2/5] | Batch [1280/15425] | Loss: 0.1842
Epoch [2/5] | Batch [1290/15425] | Loss: 0.1918
Epoch [2/5] | Batch [1300/15425] | Loss: 0.1690
Epoch [2/5] | Batch [1310/15425] | Loss: 0.1662
Epoch [2/5] | Batch [1320/15425] | Loss: 0.1799
Epoch [2/5] | Batch [1330/15425] | Loss: 0.1914
Epoch [2/5] | Batch [1340/15425] | Loss: 0.1866
Epoch [2/5] | Batch [1350/15425] | Loss: 0.1933
Epoch [2/5] | Batch [1360/15425] | Loss: 0.1565
Epoch [2/5] | Batch [1370/15425] | Loss: 0.1864
Epoch [2/5] | Batch [1380/15425] | Loss: 0.2006
Epoch [2/5] | Batch [1390/15425] | Loss: 0.1429
Epoch [2/5] | Batch [1400/15425] | Loss: 0.1583
Epoch [2/5] | Batch [1410/15425] | Loss: 0.2157
Epoch [2/5] | Batch [1420/15425] | Loss: 0.2119
Epoch [2/5] | Batch [1430/15425] | Loss: 0.1607
Epoch [2/5] | Batch [1440/15425] | Loss: 0.1847
Epoch [2/5] | Batch [1450/15425] | Loss: 0.1700
Epoch [2/5] | Batch [1460/15425] | Loss: 0.1735
Epoch [2/5] | Batch [1470/15425] | Loss: 0.1689
Epoch [2/5] | Batch [1480/15425] | Loss: 0.1618
Epoch [2/5] | Batch [1490/15425] | Loss: 0.1730
Epoch [2/5] | Batch [1500/15425] | Loss: 0.1658
Epoch [2/5] | Batch [1510/15425] | Loss: 0.1829
Epoch [2/5] | Batch [1520/15425] | Loss: 0.1336
Epoch [2/5] | Batch [1530/15425] | Loss: 0.1626
Epoch [2/5] | Batch [1540/15425] | Loss: 0.1730
Epoch [2/5] | Batch [1550/15425] | Loss: 0.1535
Epoch [2/5] | Batch [1560/15425] | Loss: 0.1644
Epoch [2/5] | Batch [1570/15425] | Loss: 0.1552
  [VAL @ step 17000] val_loss=0.1697 | best=0.1662
  [CHECKPOINT] Saved at vla_checkpoints/lora_epoch_2_step_17000
Epoch [2/5] | Batch [1580/15425] | Loss: 0.1966
Epoch [2/5] | Batch [1590/15425] | Loss: 0.1845
Epoch [2/5] | Batch [1600/15425] | Loss: 0.1866
Epoch [2/5] | Batch [1610/15425] | Loss: 0.1862
Epoch [2/5] | Batch [1620/15425] | Loss: 0.1783
Epoch [2/5] | Batch [1630/15425] | Loss: 0.1874
Epoch [2/5] | Batch [1640/15425] | Loss: 0.1499
Epoch [2/5] | Batch [1650/15425] | Loss: 0.2079
Epoch [2/5] | Batch [1660/15425] | Loss: 0.1959
Epoch [2/5] | Batch [1670/15425] | Loss: 0.1644
Epoch [2/5] | Batch [1680/15425] | Loss: 0.1531
Epoch [2/5] | Batch [1690/15425] | Loss: 0.1506
Epoch [2/5] | Batch [1700/15425] | Loss: 0.1773
Epoch [2/5] | Batch [1710/15425] | Loss: 0.1818
Epoch [2/5] | Batch [1720/15425] | Loss: 0.1811
Epoch [2/5] | Batch [1730/15425] | Loss: 0.2086
Epoch [2/5] | Batch [1740/15425] | Loss: 0.1784
Epoch [2/5] | Batch [1750/15425] | Loss: 0.1787
Epoch [2/5] | Batch [1760/15425] | Loss: 0.1863
Epoch [2/5] | Batch [1770/15425] | Loss: 0.1535
Epoch [2/5] | Batch [1780/15425] | Loss: 0.1599
Epoch [2/5] | Batch [1790/15425] | Loss: 0.1652
Epoch [2/5] | Batch [1800/15425] | Loss: 0.2280
Epoch [2/5] | Batch [1810/15425] | Loss: 0.1853
Epoch [2/5] | Batch [1820/15425] | Loss: 0.1828
Epoch [2/5] | Batch [1830/15425] | Loss: 0.1770
Epoch [2/5] | Batch [1840/15425] | Loss: 0.1746
Epoch [2/5] | Batch [1850/15425] | Loss: 0.1911
Epoch [2/5] | Batch [1860/15425] | Loss: 0.1763
Epoch [2/5] | Batch [1870/15425] | Loss: 0.1991
Epoch [2/5] | Batch [1880/15425] | Loss: 0.2475
Epoch [2/5] | Batch [1890/15425] | Loss: 0.1526
Epoch [2/5] | Batch [1900/15425] | Loss: 0.1689
Epoch [2/5] | Batch [1910/15425] | Loss: 0.1603
Epoch [2/5] | Batch [1920/15425] | Loss: 0.1751
Epoch [2/5] | Batch [1930/15425] | Loss: 0.1654
Epoch [2/5] | Batch [1940/15425] | Loss: 0.1826
Epoch [2/5] | Batch [1950/15425] | Loss: 0.1547
Epoch [2/5] | Batch [1960/15425] | Loss: 0.1439
Epoch [2/5] | Batch [1970/15425] | Loss: 0.1879
Epoch [2/5] | Batch [1980/15425] | Loss: 0.1552
Epoch [2/5] | Batch [1990/15425] | Loss: 0.1893
Epoch [2/5] | Batch [2000/15425] | Loss: 0.1765
Epoch [2/5] | Batch [2010/15425] | Loss: 0.1974
Epoch [2/5] | Batch [2020/15425] | Loss: 0.1594
Epoch [2/5] | Batch [2030/15425] | Loss: 0.1575
Epoch [2/5] | Batch [2040/15425] | Loss: 0.1719
Epoch [2/5] | Batch [2050/15425] | Loss: 0.2055
Epoch [2/5] | Batch [2060/15425] | Loss: 0.1671
Epoch [2/5] | Batch [2070/15425] | Loss: 0.1465
  [VAL @ step 17500] val_loss=0.1658 | best=0.1662
  [BEST] New best model saved to vla_checkpoints/lora_best
  [CHECKPOINT] Saved at vla_checkpoints/lora_epoch_2_step_17500
Epoch [2/5] | Batch [2080/15425] | Loss: 0.1663
Epoch [2/5] | Batch [2090/15425] | Loss: 0.1429
Epoch [2/5] | Batch [2100/15425] | Loss: 0.1759
Epoch [2/5] | Batch [2110/15425] | Loss: 0.1610
Epoch [2/5] | Batch [2120/15425] | Loss: 0.1495
Epoch [2/5] | Batch [2130/15425] | Loss: 0.1851
Epoch [2/5] | Batch [2140/15425] | Loss: 0.1542
Epoch [2/5] | Batch [2150/15425] | Loss: 0.1674
Epoch [2/5] | Batch [2160/15425] | Loss: 0.1703
Epoch [2/5] | Batch [2170/15425] | Loss: 0.1791
Epoch [2/5] | Batch [2180/15425] | Loss: 0.1389
Epoch [2/5] | Batch [2190/15425] | Loss: 0.1796
Epoch [2/5] | Batch [2200/15425] | Loss: 0.1479
Epoch [2/5] | Batch [2210/15425] | Loss: 0.2084
Epoch [2/5] | Batch [2220/15425] | Loss: 0.1517
Epoch [2/5] | Batch [2230/15425] | Loss: 0.1308
Epoch [2/5] | Batch [2240/15425] | Loss: 0.1582
Epoch [2/5] | Batch [2250/15425] | Loss: 0.2068
Epoch [2/5] | Batch [2260/15425] | Loss: 0.2020
Epoch [2/5] | Batch [2270/15425] | Loss: 0.1262
Epoch [2/5] | Batch [2280/15425] | Loss: 0.1483
Epoch [2/5] | Batch [2290/15425] | Loss: 0.2280
Epoch [2/5] | Batch [2300/15425] | Loss: 0.1908
Epoch [2/5] | Batch [2310/15425] | Loss: 0.1766
Epoch [2/5] | Batch [2320/15425] | Loss: 0.1632
Epoch [2/5] | Batch [2330/15425] | Loss: 0.1369
Epoch [2/5] | Batch [2340/15425] | Loss: 0.1459
Epoch [2/5] | Batch [2350/15425] | Loss: 0.1357
Epoch [2/5] | Batch [2360/15425] | Loss: 0.1610
Epoch [2/5] | Batch [2370/15425] | Loss: 0.1813
Epoch [2/5] | Batch [2380/15425] | Loss: 0.1734
Epoch [2/5] | Batch [2390/15425] | Loss: 0.1560
Epoch [2/5] | Batch [2400/15425] | Loss: 0.1727
Epoch [2/5] | Batch [2410/15425] | Loss: 0.1846
Epoch [2/5] | Batch [2420/15425] | Loss: 0.1432
Epoch [2/5] | Batch [2430/15425] | Loss: 0.1317
Epoch [2/5] | Batch [2440/15425] | Loss: 0.2003
Epoch [2/5] | Batch [2450/15425] | Loss: 0.1724
Epoch [2/5] | Batch [2460/15425] | Loss: 0.2214
Epoch [2/5] | Batch [2470/15425] | Loss: 0.1693
Epoch [2/5] | Batch [2480/15425] | Loss: 0.2287
Epoch [2/5] | Batch [2490/15425] | Loss: 0.1697
Epoch [2/5] | Batch [2500/15425] | Loss: 0.1864
Epoch [2/5] | Batch [2510/15425] | Loss: 0.1984
Epoch [2/5] | Batch [2520/15425] | Loss: 0.1713
Epoch [2/5] | Batch [2530/15425] | Loss: 0.1551
Epoch [2/5] | Batch [2540/15425] | Loss: 0.1811
Epoch [2/5] | Batch [2550/15425] | Loss: 0.1700
Epoch [2/5] | Batch [2560/15425] | Loss: 0.1758
Epoch [2/5] | Batch [2570/15425] | Loss: 0.1509
  [VAL @ step 18000] val_loss=0.1722 | best=0.1658
  [CHECKPOINT] Saved at vla_checkpoints/lora_epoch_2_step_18000
Epoch [2/5] | Batch [2580/15425] | Loss: 0.1502
Epoch [2/5] | Batch [2590/15425] | Loss: 0.1921
Epoch [2/5] | Batch [2600/15425] | Loss: 0.1673
Epoch [2/5] | Batch [2610/15425] | Loss: 0.1582
Epoch [2/5] | Batch [2620/15425] | Loss: 0.2172
Epoch [2/5] | Batch [2630/15425] | Loss: 0.1577
Epoch [2/5] | Batch [2640/15425] | Loss: 0.1938
Epoch [2/5] | Batch [2650/15425] | Loss: 0.2030
Epoch [2/5] | Batch [2660/15425] | Loss: 0.1670
Epoch [2/5] | Batch [2670/15425] | Loss: 0.1515
Epoch [2/5] | Batch [2680/15425] | Loss: 0.1820
Epoch [2/5] | Batch [2690/15425] | Loss: 0.1400
Epoch [2/5] | Batch [2700/15425] | Loss: 0.1792
Epoch [2/5] | Batch [2710/15425] | Loss: 0.2015
Epoch [2/5] | Batch [2720/15425] | Loss: 0.1646
Epoch [2/5] | Batch [2730/15425] | Loss: 0.1703
Epoch [2/5] | Batch [2740/15425] | Loss: 0.1594
Epoch [2/5] | Batch [2750/15425] | Loss: 0.1926
Epoch [2/5] | Batch [2760/15425] | Loss: 0.1465
Epoch [2/5] | Batch [2770/15425] | Loss: 0.2255
Epoch [2/5] | Batch [2780/15425] | Loss: 0.1749
Epoch [2/5] | Batch [2790/15425] | Loss: 0.1868
Epoch [2/5] | Batch [2800/15425] | Loss: 0.1800
Epoch [2/5] | Batch [2810/15425] | Loss: 0.1840
Epoch [2/5] | Batch [2820/15425] | Loss: 0.1461
Epoch [2/5] | Batch [2830/15425] | Loss: 0.2136
Epoch [2/5] | Batch [2840/15425] | Loss: 0.1926
Epoch [2/5] | Batch [2850/15425] | Loss: 0.1445
Epoch [2/5] | Batch [2860/15425] | Loss: 0.1297
Epoch [2/5] | Batch [2870/15425] | Loss: 0.1887
Epoch [2/5] | Batch [2880/15425] | Loss: 0.1774
Epoch [2/5] | Batch [2890/15425] | Loss: 0.1523
Epoch [2/5] | Batch [2900/15425] | Loss: 0.2011
Epoch [2/5] | Batch [2910/15425] | Loss: 0.1717
Epoch [2/5] | Batch [2920/15425] | Loss: 0.1693
Epoch [2/5] | Batch [2930/15425] | Loss: 0.1774
Epoch [2/5] | Batch [2940/15425] | Loss: 0.1431
Epoch [2/5] | Batch [2950/15425] | Loss: 0.1598
Epoch [2/5] | Batch [2960/15425] | Loss: 0.1796
Epoch [2/5] | Batch [2970/15425] | Loss: 0.1650
Epoch [2/5] | Batch [2980/15425] | Loss: 0.2592
Epoch [2/5] | Batch [2990/15425] | Loss: 0.2174
Epoch [2/5] | Batch [3000/15425] | Loss: 0.1862
Epoch [2/5] | Batch [3010/15425] | Loss: 0.1591
Epoch [2/5] | Batch [3020/15425] | Loss: 0.1737
Epoch [2/5] | Batch [3030/15425] | Loss: 0.1951
Epoch [2/5] | Batch [3040/15425] | Loss: 0.1580
Epoch [2/5] | Batch [3050/15425] | Loss: 0.1565
Epoch [2/5] | Batch [3060/15425] | Loss: 0.1638
Epoch [2/5] | Batch [3070/15425] | Loss: 0.1728
  [VAL @ step 18500] val_loss=0.1699 | best=0.1658
  [CHECKPOINT] Saved at vla_checkpoints/lora_epoch_2_step_18500
Epoch [2/5] | Batch [3080/15425] | Loss: 0.2067
Epoch [2/5] | Batch [3090/15425] | Loss: 0.1892
Epoch [2/5] | Batch [3100/15425] | Loss: 0.1850
Epoch [2/5] | Batch [3110/15425] | Loss: 0.1864
Epoch [2/5] | Batch [3120/15425] | Loss: 0.1843
Epoch [2/5] | Batch [3130/15425] | Loss: 0.2088
Epoch [2/5] | Batch [3140/15425] | Loss: 0.1922
Epoch [2/5] | Batch [3150/15425] | Loss: 0.1779
Epoch [2/5] | Batch [3160/15425] | Loss: 0.1713
Epoch [2/5] | Batch [3170/15425] | Loss: 0.1468
Epoch [2/5] | Batch [3180/15425] | Loss: 0.1756
Epoch [2/5] | Batch [3190/15425] | Loss: 0.2160
Epoch [2/5] | Batch [3200/15425] | Loss: 0.1714
Epoch [2/5] | Batch [3210/15425] | Loss: 0.1870
Epoch [2/5] | Batch [3220/15425] | Loss: 0.1892
Epoch [2/5] | Batch [3230/15425] | Loss: 0.1783
Epoch [2/5] | Batch [3240/15425] | Loss: 0.1929
Epoch [2/5] | Batch [3250/15425] | Loss: 0.1693
Epoch [2/5] | Batch [3260/15425] | Loss: 0.1891
Epoch [2/5] | Batch [3270/15425] | Loss: 0.1715
Epoch [2/5] | Batch [3280/15425] | Loss: 0.1669
Epoch [2/5] | Batch [3290/15425] | Loss: 0.1629
Epoch [2/5] | Batch [3300/15425] | Loss: 0.1494
Epoch [2/5] | Batch [3310/15425] | Loss: 0.1707
Epoch [2/5] | Batch [3320/15425] | Loss: 0.1670
Epoch [2/5] | Batch [3330/15425] | Loss: 0.1755
Epoch [2/5] | Batch [3340/15425] | Loss: 0.1521
Epoch [2/5] | Batch [3350/15425] | Loss: 0.1927
Epoch [2/5] | Batch [3360/15425] | Loss: 0.1578
Epoch [2/5] | Batch [3370/15425] | Loss: 0.1442
Epoch [2/5] | Batch [3380/15425] | Loss: 0.1584
Epoch [2/5] | Batch [3390/15425] | Loss: 0.1880
Epoch [2/5] | Batch [3400/15425] | Loss: 0.1876
Epoch [2/5] | Batch [3410/15425] | Loss: 0.1708
Epoch [2/5] | Batch [3420/15425] | Loss: 0.1438
Epoch [2/5] | Batch [3430/15425] | Loss: 0.1702
Epoch [2/5] | Batch [3440/15425] | Loss: 0.1361
Epoch [2/5] | Batch [3450/15425] | Loss: 0.1874
Epoch [2/5] | Batch [3460/15425] | Loss: 0.1598
Epoch [2/5] | Batch [3470/15425] | Loss: 0.1446
Epoch [2/5] | Batch [3480/15425] | Loss: 0.1402
Epoch [2/5] | Batch [3490/15425] | Loss: 0.1469
Epoch [2/5] | Batch [3500/15425] | Loss: 0.2036
Epoch [2/5] | Batch [3510/15425] | Loss: 0.2084
Epoch [2/5] | Batch [3520/15425] | Loss: 0.1751
Epoch [2/5] | Batch [3530/15425] | Loss: 0.1777
Epoch [2/5] | Batch [3540/15425] | Loss: 0.1681
Epoch [2/5] | Batch [3550/15425] | Loss: 0.1512
Epoch [2/5] | Batch [3560/15425] | Loss: 0.1823
Epoch [2/5] | Batch [3570/15425] | Loss: 0.1868
  [VAL @ step 19000] val_loss=0.1669 | best=0.1658
  [CHECKPOINT] Saved at vla_checkpoints/lora_epoch_2_step_19000
Epoch [2/5] | Batch [3580/15425] | Loss: 0.1712
Epoch [2/5] | Batch [3590/15425] | Loss: 0.1412
Epoch [2/5] | Batch [3600/15425] | Loss: 0.2010
Epoch [2/5] | Batch [3610/15425] | Loss: 0.1846
Epoch [2/5] | Batch [3620/15425] | Loss: 0.1706
Epoch [2/5] | Batch [3630/15425] | Loss: 0.1581
Epoch [2/5] | Batch [3640/15425] | Loss: 0.2203
Epoch [2/5] | Batch [3650/15425] | Loss: 0.1277
Epoch [2/5] | Batch [3660/15425] | Loss: 0.1740
Epoch [2/5] | Batch [3670/15425] | Loss: 0.1890
Epoch [2/5] | Batch [3680/15425] | Loss: 0.2070
Epoch [2/5] | Batch [3690/15425] | Loss: 0.1983
Epoch [2/5] | Batch [3700/15425] | Loss: 0.1701
Epoch [2/5] | Batch [3710/15425] | Loss: 0.1858
Epoch [2/5] | Batch [3720/15425] | Loss: 0.1548
Epoch [2/5] | Batch [3730/15425] | Loss: 0.1759
Epoch [2/5] | Batch [3740/15425] | Loss: 0.1724
Epoch [2/5] | Batch [3750/15425] | Loss: 0.2067
Epoch [2/5] | Batch [3760/15425] | Loss: 0.1380
Epoch [2/5] | Batch [3770/15425] | Loss: 0.1678
Epoch [2/5] | Batch [3780/15425] | Loss: 0.1545
Epoch [2/5] | Batch [3790/15425] | Loss: 0.1845
Epoch [2/5] | Batch [3800/15425] | Loss: 0.1640
Epoch [2/5] | Batch [3810/15425] | Loss: 0.1630
Epoch [2/5] | Batch [3820/15425] | Loss: 0.1755
Epoch [2/5] | Batch [3830/15425] | Loss: 0.1547
Epoch [2/5] | Batch [3840/15425] | Loss: 0.1673
Epoch [2/5] | Batch [3850/15425] | Loss: 0.1651
Epoch [2/5] | Batch [3860/15425] | Loss: 0.1796
Epoch [2/5] | Batch [3870/15425] | Loss: 0.1772
Epoch [2/5] | Batch [3880/15425] | Loss: 0.1721
Epoch [2/5] | Batch [3890/15425] | Loss: 0.1955
Epoch [2/5] | Batch [3900/15425] | Loss: 0.1643
Epoch [2/5] | Batch [3910/15425] | Loss: 0.1733
Epoch [2/5] | Batch [3920/15425] | Loss: 0.1465
Epoch [2/5] | Batch [3930/15425] | Loss: 0.1518
Epoch [2/5] | Batch [3940/15425] | Loss: 0.1553
Epoch [2/5] | Batch [3950/15425] | Loss: 0.1666
Epoch [2/5] | Batch [3960/15425] | Loss: 0.1523
Epoch [2/5] | Batch [3970/15425] | Loss: 0.1457
Epoch [2/5] | Batch [3980/15425] | Loss: 0.1785
Epoch [2/5] | Batch [3990/15425] | Loss: 0.1345
Epoch [2/5] | Batch [4000/15425] | Loss: 0.1492
Epoch [2/5] | Batch [4010/15425] | Loss: 0.1692
Epoch [2/5] | Batch [4020/15425] | Loss: 0.1640
Epoch [2/5] | Batch [4030/15425] | Loss: 0.1348
Epoch [2/5] | Batch [4040/15425] | Loss: 0.1381
Epoch [2/5] | Batch [4050/15425] | Loss: 0.1858
Epoch [2/5] | Batch [4060/15425] | Loss: 0.1808
Epoch [2/5] | Batch [4070/15425] | Loss: 0.1723
  [VAL @ step 19500] val_loss=0.1664 | best=0.1658
  [CHECKPOINT] Saved at vla_checkpoints/lora_epoch_2_step_19500
Epoch [2/5] | Batch [4080/15425] | Loss: 0.1478
Epoch [2/5] | Batch [4090/15425] | Loss: 0.1629
Epoch [2/5] | Batch [4100/15425] | Loss: 0.1753
Epoch [2/5] | Batch [4110/15425] | Loss: 0.1681
Epoch [2/5] | Batch [4120/15425] | Loss: 0.1838
Epoch [2/5] | Batch [4130/15425] | Loss: 0.1935
Epoch [2/5] | Batch [4140/15425] | Loss: 0.1804
Epoch [2/5] | Batch [4150/15425] | Loss: 0.1867
Epoch [2/5] | Batch [4160/15425] | Loss: 0.1617
Epoch [2/5] | Batch [4170/15425] | Loss: 0.1569
Epoch [2/5] | Batch [4180/15425] | Loss: 0.1545
Epoch [2/5] | Batch [4190/15425] | Loss: 0.1593
Epoch [2/5] | Batch [4200/15425] | Loss: 0.1643
Epoch [2/5] | Batch [4210/15425] | Loss: 0.1821
Epoch [2/5] | Batch [4220/15425] | Loss: 0.1724
Epoch [2/5] | Batch [4230/15425] | Loss: 0.1858
Epoch [2/5] | Batch [4240/15425] | Loss: 0.1538
Epoch [2/5] | Batch [4250/15425] | Loss: 0.1664
Epoch [2/5] | Batch [4260/15425] | Loss: 0.1763
Epoch [2/5] | Batch [4270/15425] | Loss: 0.1650
Epoch [2/5] | Batch [4280/15425] | Loss: 0.1686
Epoch [2/5] | Batch [4290/15425] | Loss: 0.1801
Epoch [2/5] | Batch [4300/15425] | Loss: 0.1456
Epoch [2/5] | Batch [4310/15425] | Loss: 0.1925
Epoch [2/5] | Batch [4320/15425] | Loss: 0.1673
Epoch [2/5] | Batch [4330/15425] | Loss: 0.1974
Epoch [2/5] | Batch [4340/15425] | Loss: 0.1583
Epoch [2/5] | Batch [4350/15425] | Loss: 0.1494
Epoch [2/5] | Batch [4360/15425] | Loss: 0.1502
Epoch [2/5] | Batch [4370/15425] | Loss: 0.1742
Epoch [2/5] | Batch [4380/15425] | Loss: 0.1707
Epoch [2/5] | Batch [4390/15425] | Loss: 0.2007
Epoch [2/5] | Batch [4400/15425] | Loss: 0.1844
Epoch [2/5] | Batch [4410/15425] | Loss: 0.1796
Epoch [2/5] | Batch [4420/15425] | Loss: 0.1528
Epoch [2/5] | Batch [4430/15425] | Loss: 0.1759
Epoch [2/5] | Batch [4440/15425] | Loss: 0.1468
Epoch [2/5] | Batch [4450/15425] | Loss: 0.1636
Epoch [2/5] | Batch [4460/15425] | Loss: 0.1930
Epoch [2/5] | Batch [4470/15425] | Loss: 0.1754
Epoch [2/5] | Batch [4480/15425] | Loss: 0.1269
Epoch [2/5] | Batch [4490/15425] | Loss: 0.1922
Epoch [2/5] | Batch [4500/15425] | Loss: 0.1602
Epoch [2/5] | Batch [4510/15425] | Loss: 0.1439
Epoch [2/5] | Batch [4520/15425] | Loss: 0.3600
Epoch [2/5] | Batch [4530/15425] | Loss: 0.1465
Epoch [2/5] | Batch [4540/15425] | Loss: 0.1531
Epoch [2/5] | Batch [4550/15425] | Loss: 0.1832
Epoch [2/5] | Batch [4560/15425] | Loss: 0.2007
Epoch [2/5] | Batch [4570/15425] | Loss: 0.2010
  [VAL @ step 20000] val_loss=0.1705 | best=0.1658
  [CHECKPOINT] Saved at vla_checkpoints/lora_epoch_2_step_20000
Epoch [2/5] | Batch [4580/15425] | Loss: 0.1730
Epoch [2/5] | Batch [4590/15425] | Loss: 0.1696
Epoch [2/5] | Batch [4600/15425] | Loss: 0.1540
Epoch [2/5] | Batch [4610/15425] | Loss: 0.1588
Epoch [2/5] | Batch [4620/15425] | Loss: 0.1692
Epoch [2/5] | Batch [4630/15425] | Loss: 0.1447
Epoch [2/5] | Batch [4640/15425] | Loss: 0.1669
Epoch [2/5] | Batch [4650/15425] | Loss: 0.1789
Epoch [2/5] | Batch [4660/15425] | Loss: 0.1914
Epoch [2/5] | Batch [4670/15425] | Loss: 0.1816
Epoch [2/5] | Batch [4680/15425] | Loss: 0.1777
Epoch [2/5] | Batch [4690/15425] | Loss: 0.1780
Epoch [2/5] | Batch [4700/15425] | Loss: 0.1534
Epoch [2/5] | Batch [4710/15425] | Loss: 0.1442
Epoch [2/5] | Batch [4720/15425] | Loss: 0.1704
Epoch [2/5] | Batch [4730/15425] | Loss: 0.1540
Epoch [2/5] | Batch [4740/15425] | Loss: 0.1594
Epoch [2/5] | Batch [4750/15425] | Loss: 0.1563
Epoch [2/5] | Batch [4760/15425] | Loss: 0.1341
Epoch [2/5] | Batch [4770/15425] | Loss: 0.2210
Epoch [2/5] | Batch [4780/15425] | Loss: 0.1590
Epoch [2/5] | Batch [4790/15425] | Loss: 0.2140
Epoch [2/5] | Batch [4800/15425] | Loss: 0.1609
Epoch [2/5] | Batch [4810/15425] | Loss: 0.1888
Epoch [2/5] | Batch [4820/15425] | Loss: 0.1725
Epoch [2/5] | Batch [4830/15425] | Loss: 0.1588
Epoch [2/5] | Batch [4840/15425] | Loss: 0.1661
Epoch [2/5] | Batch [4850/15425] | Loss: 0.1763
Epoch [2/5] | Batch [4860/15425] | Loss: 0.1730
Epoch [2/5] | Batch [4870/15425] | Loss: 0.2218
Epoch [2/5] | Batch [4880/15425] | Loss: 0.1870
Epoch [2/5] | Batch [4890/15425] | Loss: 0.1561
Epoch [2/5] | Batch [4900/15425] | Loss: 0.1790
Epoch [2/5] | Batch [4910/15425] | Loss: 0.1701
Epoch [2/5] | Batch [4920/15425] | Loss: 0.1968
Epoch [2/5] | Batch [4930/15425] | Loss: 0.1835
Epoch [2/5] | Batch [4940/15425] | Loss: 0.1827
Epoch [2/5] | Batch [4950/15425] | Loss: 0.1897
Epoch [2/5] | Batch [4960/15425] | Loss: 0.1825
Epoch [2/5] | Batch [4970/15425] | Loss: 0.1472
Epoch [2/5] | Batch [4980/15425] | Loss: 0.1350
Epoch [2/5] | Batch [4990/15425] | Loss: 0.1933
Epoch [2/5] | Batch [5000/15425] | Loss: 0.1701
Epoch [2/5] | Batch [5010/15425] | Loss: 0.1926
Epoch [2/5] | Batch [5020/15425] | Loss: 0.1563
Epoch [2/5] | Batch [5030/15425] | Loss: 0.1837
Epoch [2/5] | Batch [5040/15425] | Loss: 0.1626
Epoch [2/5] | Batch [5050/15425] | Loss: 0.1551
Epoch [2/5] | Batch [5060/15425] | Loss: 0.1736
Epoch [2/5] | Batch [5070/15425] | Loss: 0.1698
  [VAL @ step 20500] val_loss=0.1689 | best=0.1658
  [CHECKPOINT] Saved at vla_checkpoints/lora_epoch_2_step_20500
Epoch [2/5] | Batch [5080/15425] | Loss: 0.1926
Epoch [2/5] | Batch [5090/15425] | Loss: 0.1865
Epoch [2/5] | Batch [5100/15425] | Loss: 0.1328
Epoch [2/5] | Batch [5110/15425] | Loss: 0.1553
Epoch [2/5] | Batch [5120/15425] | Loss: 0.1604
Epoch [2/5] | Batch [5130/15425] | Loss: 0.1696
Epoch [2/5] | Batch [5140/15425] | Loss: 0.1698
Epoch [2/5] | Batch [5150/15425] | Loss: 0.1662
Epoch [2/5] | Batch [5160/15425] | Loss: 0.2122
Epoch [2/5] | Batch [5170/15425] | Loss: 0.1554
Epoch [2/5] | Batch [5180/15425] | Loss: 0.1617
Epoch [2/5] | Batch [5190/15425] | Loss: 0.1545
Epoch [2/5] | Batch [5200/15425] | Loss: 0.1594
Epoch [2/5] | Batch [5210/15425] | Loss: 0.1733
Epoch [2/5] | Batch [5220/15425] | Loss: 0.1708
Epoch [2/5] | Batch [5230/15425] | Loss: 0.1585
Epoch [2/5] | Batch [5240/15425] | Loss: 0.1552
Epoch [2/5] | Batch [5250/15425] | Loss: 0.1957
Epoch [2/5] | Batch [5260/15425] | Loss: 0.1567
Epoch [2/5] | Batch [5270/15425] | Loss: 0.1785
Epoch [2/5] | Batch [5280/15425] | Loss: 0.1927
Epoch [2/5] | Batch [5290/15425] | Loss: 0.1543
Epoch [2/5] | Batch [5300/15425] | Loss: 0.1552
Epoch [2/5] | Batch [5310/15425] | Loss: 0.1474
Epoch [2/5] | Batch [5320/15425] | Loss: 0.1590
Epoch [2/5] | Batch [5330/15425] | Loss: 0.1866
Epoch [2/5] | Batch [5340/15425] | Loss: 0.1821
Epoch [2/5] | Batch [5350/15425] | Loss: 0.2045
Epoch [2/5] | Batch [5360/15425] | Loss: 0.1584
Epoch [2/5] | Batch [5370/15425] | Loss: 0.1636
Epoch [2/5] | Batch [5380/15425] | Loss: 0.2004
Epoch [2/5] | Batch [5390/15425] | Loss: 0.2237
Epoch [2/5] | Batch [5400/15425] | Loss: 0.1310
Epoch [2/5] | Batch [5410/15425] | Loss: 0.1907
Epoch [2/5] | Batch [5420/15425] | Loss: 0.1801
Epoch [2/5] | Batch [5430/15425] | Loss: 0.1910
Epoch [2/5] | Batch [5440/15425] | Loss: 0.1736
Epoch [2/5] | Batch [5450/15425] | Loss: 0.1599
Epoch [2/5] | Batch [5460/15425] | Loss: 0.1896
Epoch [2/5] | Batch [5470/15425] | Loss: 0.1772
Epoch [2/5] | Batch [5480/15425] | Loss: 0.1730
Epoch [2/5] | Batch [5490/15425] | Loss: 0.1660
Epoch [2/5] | Batch [5500/15425] | Loss: 0.1506
Epoch [2/5] | Batch [5510/15425] | Loss: 0.1523
Epoch [2/5] | Batch [5520/15425] | Loss: 0.1560
Epoch [2/5] | Batch [5530/15425] | Loss: 0.1697
Epoch [2/5] | Batch [5540/15425] | Loss: 0.1561
Epoch [2/5] | Batch [5550/15425] | Loss: 0.1684
Epoch [2/5] | Batch [5560/15425] | Loss: 0.1724
Epoch [2/5] | Batch [5570/15425] | Loss: 0.1774
  [VAL @ step 21000] val_loss=0.1728 | best=0.1658
  [CHECKPOINT] Saved at vla_checkpoints/lora_epoch_2_step_21000
Epoch [2/5] | Batch [5580/15425] | Loss: 0.1226
Epoch [2/5] | Batch [5590/15425] | Loss: 0.1402
Epoch [2/5] | Batch [5600/15425] | Loss: 0.2054
Epoch [2/5] | Batch [5610/15425] | Loss: 0.1560
Epoch [2/5] | Batch [5620/15425] | Loss: 0.1868
Epoch [2/5] | Batch [5630/15425] | Loss: 0.1682
Epoch [2/5] | Batch [5640/15425] | Loss: 0.1535
Epoch [2/5] | Batch [5650/15425] | Loss: 0.1407
Epoch [2/5] | Batch [5660/15425] | Loss: 0.1900
Epoch [2/5] | Batch [5670/15425] | Loss: 0.1578
Epoch [2/5] | Batch [5680/15425] | Loss: 0.1864
Epoch [2/5] | Batch [5690/15425] | Loss: 0.2083
Epoch [2/5] | Batch [5700/15425] | Loss: 0.1427
Epoch [2/5] | Batch [5710/15425] | Loss: 0.1724
Epoch [2/5] | Batch [5720/15425] | Loss: 0.1496
Epoch [2/5] | Batch [5730/15425] | Loss: 0.1789
Epoch [2/5] | Batch [5740/15425] | Loss: 0.1799
Epoch [2/5] | Batch [5750/15425] | Loss: 0.1584
Epoch [2/5] | Batch [5760/15425] | Loss: 0.1426
Epoch [2/5] | Batch [5770/15425] | Loss: 0.1664
Epoch [2/5] | Batch [5780/15425] | Loss: 0.1335
Epoch [2/5] | Batch [5790/15425] | Loss: 0.1835
Epoch [2/5] | Batch [5800/15425] | Loss: 0.1481
Epoch [2/5] | Batch [5810/15425] | Loss: 0.1868
Epoch [2/5] | Batch [5820/15425] | Loss: 0.1371
Epoch [2/5] | Batch [5830/15425] | Loss: 0.2013
Epoch [2/5] | Batch [5840/15425] | Loss: 0.1631
Epoch [2/5] | Batch [5850/15425] | Loss: 0.1795
Epoch [2/5] | Batch [5860/15425] | Loss: 0.1467
Epoch [2/5] | Batch [5870/15425] | Loss: 0.1589
Epoch [2/5] | Batch [5880/15425] | Loss: 0.1567
Epoch [2/5] | Batch [5890/15425] | Loss: 0.1797
Epoch [2/5] | Batch [5900/15425] | Loss: 0.1417
Epoch [2/5] | Batch [5910/15425] | Loss: 0.1478
Epoch [2/5] | Batch [5920/15425] | Loss: 0.2050
Epoch [2/5] | Batch [5930/15425] | Loss: 0.1632
Epoch [2/5] | Batch [5940/15425] | Loss: 0.1391
Epoch [2/5] | Batch [5950/15425] | Loss: 0.1882
Epoch [2/5] | Batch [5960/15425] | Loss: 0.2319
Epoch [2/5] | Batch [5970/15425] | Loss: 0.1481
Epoch [2/5] | Batch [5980/15425] | Loss: 0.1631
Epoch [2/5] | Batch [5990/15425] | Loss: 0.1708
Epoch [2/5] | Batch [6000/15425] | Loss: 0.1461
Epoch [2/5] | Batch [6010/15425] | Loss: 0.1727
Epoch [2/5] | Batch [6020/15425] | Loss: 0.1541
Epoch [2/5] | Batch [6030/15425] | Loss: 0.1550
Epoch [2/5] | Batch [6040/15425] | Loss: 0.1762
Epoch [2/5] | Batch [6050/15425] | Loss: 0.1454
Epoch [2/5] | Batch [6060/15425] | Loss: 0.1852
Epoch [2/5] | Batch [6070/15425] | Loss: 0.2006
  [VAL @ step 21500] val_loss=0.1674 | best=0.1658
  [CHECKPOINT] Saved at vla_checkpoints/lora_epoch_2_step_21500
Epoch [2/5] | Batch [6080/15425] | Loss: 0.1524
Epoch [2/5] | Batch [6090/15425] | Loss: 0.1699
Epoch [2/5] | Batch [6100/15425] | Loss: 0.1339
Epoch [2/5] | Batch [6110/15425] | Loss: 0.1372
Epoch [2/5] | Batch [6120/15425] | Loss: 0.1479
Epoch [2/5] | Batch [6130/15425] | Loss: 0.2172
Epoch [2/5] | Batch [6140/15425] | Loss: 0.1576
Epoch [2/5] | Batch [6150/15425] | Loss: 0.1444
Epoch [2/5] | Batch [6160/15425] | Loss: 0.1371
Epoch [2/5] | Batch [6170/15425] | Loss: 0.1627
Epoch [2/5] | Batch [6180/15425] | Loss: 0.1508
Epoch [2/5] | Batch [6190/15425] | Loss: 0.1923
Epoch [2/5] | Batch [6200/15425] | Loss: 0.1533
Epoch [2/5] | Batch [6210/15425] | Loss: 0.1694
Epoch [2/5] | Batch [6220/15425] | Loss: 0.1753
Epoch [2/5] | Batch [6230/15425] | Loss: 0.1673
Epoch [2/5] | Batch [6240/15425] | Loss: 0.1830
Epoch [2/5] | Batch [6250/15425] | Loss: 0.1233
Epoch [2/5] | Batch [6260/15425] | Loss: 0.1796
Epoch [2/5] | Batch [6270/15425] | Loss: 0.1674
Epoch [2/5] | Batch [6280/15425] | Loss: 0.1869
Epoch [2/5] | Batch [6290/15425] | Loss: 0.1673
Epoch [2/5] | Batch [6300/15425] | Loss: 0.1672
Epoch [2/5] | Batch [6310/15425] | Loss: 0.1722
Epoch [2/5] | Batch [6320/15425] | Loss: 0.2403
Epoch [2/5] | Batch [6330/15425] | Loss: 0.1784
Epoch [2/5] | Batch [6340/15425] | Loss: 0.1553
Epoch [2/5] | Batch [6350/15425] | Loss: 0.1748
Epoch [2/5] | Batch [6360/15425] | Loss: 0.2041
Epoch [2/5] | Batch [6370/15425] | Loss: 0.1804
Epoch [2/5] | Batch [6380/15425] | Loss: 0.1918
Epoch [2/5] | Batch [6390/15425] | Loss: 0.2103
Epoch [2/5] | Batch [6400/15425] | Loss: 0.1822
Epoch [2/5] | Batch [6410/15425] | Loss: 0.1794
Epoch [2/5] | Batch [6420/15425] | Loss: 0.1965
Epoch [2/5] | Batch [6430/15425] | Loss: 0.1521
Epoch [2/5] | Batch [6440/15425] | Loss: 0.1571
Epoch [2/5] | Batch [6450/15425] | Loss: 0.1395
Epoch [2/5] | Batch [6460/15425] | Loss: 0.1549
Epoch [2/5] | Batch [6470/15425] | Loss: 0.1954
Epoch [2/5] | Batch [6480/15425] | Loss: 0.1510
Epoch [2/5] | Batch [6490/15425] | Loss: 0.1824
Epoch [2/5] | Batch [6500/15425] | Loss: 0.1941
Epoch [2/5] | Batch [6510/15425] | Loss: 0.1838
Epoch [2/5] | Batch [6520/15425] | Loss: 0.1956
Epoch [2/5] | Batch [6530/15425] | Loss: 0.1986
Epoch [2/5] | Batch [6540/15425] | Loss: 0.1926
Epoch [2/5] | Batch [6550/15425] | Loss: 0.1471
Epoch [2/5] | Batch [6560/15425] | Loss: 0.1865
Epoch [2/5] | Batch [6570/15425] | Loss: 0.1327
  [VAL @ step 22000] val_loss=0.1634 | best=0.1658
  [BEST] New best model saved to vla_checkpoints/lora_best
  [CHECKPOINT] Saved at vla_checkpoints/lora_epoch_2_step_22000
Epoch [2/5] | Batch [6580/15425] | Loss: 0.1595
Epoch [2/5] | Batch [6590/15425] | Loss: 0.1695
Epoch [2/5] | Batch [6600/15425] | Loss: 0.1660
Epoch [2/5] | Batch [6610/15425] | Loss: 0.1695
Epoch [2/5] | Batch [6620/15425] | Loss: 0.1979
Epoch [2/5] | Batch [6630/15425] | Loss: 0.1755
Epoch [2/5] | Batch [6640/15425] | Loss: 0.1850
Epoch [2/5] | Batch [6650/15425] | Loss: 0.1962
Epoch [2/5] | Batch [6660/15425] | Loss: 0.1971
Epoch [2/5] | Batch [6670/15425] | Loss: 0.2143
Epoch [2/5] | Batch [6680/15425] | Loss: 0.1511
Epoch [2/5] | Batch [6690/15425] | Loss: 0.2430
Epoch [2/5] | Batch [6700/15425] | Loss: 0.2075
Epoch [2/5] | Batch [6710/15425] | Loss: 0.1824
Epoch [2/5] | Batch [6720/15425] | Loss: 0.1597
Epoch [2/5] | Batch [6730/15425] | Loss: 0.1529
Epoch [2/5] | Batch [6740/15425] | Loss: 0.1688
Epoch [2/5] | Batch [6750/15425] | Loss: 0.1556
Epoch [2/5] | Batch [6760/15425] | Loss: 0.1378
Epoch [2/5] | Batch [6770/15425] | Loss: 0.1714
Epoch [2/5] | Batch [6780/15425] | Loss: 0.1669
Epoch [2/5] | Batch [6790/15425] | Loss: 0.2418
Epoch [2/5] | Batch [6800/15425] | Loss: 0.1585
Epoch [2/5] | Batch [6810/15425] | Loss: 0.1477
Epoch [2/5] | Batch [6820/15425] | Loss: 0.2047
Epoch [2/5] | Batch [6830/15425] | Loss: 0.1436
Epoch [2/5] | Batch [6840/15425] | Loss: 0.2000
Epoch [2/5] | Batch [6850/15425] | Loss: 0.1461
Epoch [2/5] | Batch [6860/15425] | Loss: 0.1589
Epoch [2/5] | Batch [6870/15425] | Loss: 0.1886
Epoch [2/5] | Batch [6880/15425] | Loss: 0.1535
Epoch [2/5] | Batch [6890/15425] | Loss: 0.1662
Epoch [2/5] | Batch [6900/15425] | Loss: 0.2039
Epoch [2/5] | Batch [6910/15425] | Loss: 0.1396
Epoch [2/5] | Batch [6920/15425] | Loss: 0.1772
Epoch [2/5] | Batch [6930/15425] | Loss: 0.1853
Epoch [2/5] | Batch [6940/15425] | Loss: 0.2095
Epoch [2/5] | Batch [6950/15425] | Loss: 0.1712
Epoch [2/5] | Batch [6960/15425] | Loss: 0.1687
Epoch [2/5] | Batch [6970/15425] | Loss: 0.1450
Epoch [2/5] | Batch [6980/15425] | Loss: 0.1585
Epoch [2/5] | Batch [6990/15425] | Loss: 0.1775
Epoch [2/5] | Batch [7000/15425] | Loss: 0.1584
Epoch [2/5] | Batch [7010/15425] | Loss: 0.1741
Epoch [2/5] | Batch [7020/15425] | Loss: 0.2003
Epoch [2/5] | Batch [7030/15425] | Loss: 0.1708
Epoch [2/5] | Batch [7040/15425] | Loss: 0.1423
Epoch [2/5] | Batch [7050/15425] | Loss: 0.1957
Epoch [2/5] | Batch [7060/15425] | Loss: 0.1593
Epoch [2/5] | Batch [7070/15425] | Loss: 0.1576
  [VAL @ step 22500] val_loss=0.1672 | best=0.1634
  [CHECKPOINT] Saved at vla_checkpoints/lora_epoch_2_step_22500
Epoch [2/5] | Batch [7080/15425] | Loss: 0.1552
Epoch [2/5] | Batch [7090/15425] | Loss: 0.1969
Epoch [2/5] | Batch [7100/15425] | Loss: 0.1791
Epoch [2/5] | Batch [7110/15425] | Loss: 0.1403
Epoch [2/5] | Batch [7120/15425] | Loss: 0.2003
Epoch [2/5] | Batch [7130/15425] | Loss: 0.1887
Epoch [2/5] | Batch [7140/15425] | Loss: 0.1418
Epoch [2/5] | Batch [7150/15425] | Loss: 0.1912
Epoch [2/5] | Batch [7160/15425] | Loss: 0.1547
Epoch [2/5] | Batch [7170/15425] | Loss: 0.1568
Epoch [2/5] | Batch [7180/15425] | Loss: 0.1853
Epoch [2/5] | Batch [7190/15425] | Loss: 0.1617
Epoch [2/5] | Batch [7200/15425] | Loss: 0.2122
Epoch [2/5] | Batch [7210/15425] | Loss: 0.1594
Epoch [2/5] | Batch [7220/15425] | Loss: 0.1920
Epoch [2/5] | Batch [7230/15425] | Loss: 0.1807
Epoch [2/5] | Batch [7240/15425] | Loss: 0.1408
Epoch [2/5] | Batch [7250/15425] | Loss: 0.1553
Epoch [2/5] | Batch [7260/15425] | Loss: 0.2487
Epoch [2/5] | Batch [7270/15425] | Loss: 0.1669
Epoch [2/5] | Batch [7280/15425] | Loss: 0.1600
Epoch [2/5] | Batch [7290/15425] | Loss: 0.1733
Epoch [2/5] | Batch [7300/15425] | Loss: 0.1752
Epoch [2/5] | Batch [7310/15425] | Loss: 0.1768
Epoch [2/5] | Batch [7320/15425] | Loss: 0.1910
Epoch [2/5] | Batch [7330/15425] | Loss: 0.2273
Epoch [2/5] | Batch [7340/15425] | Loss: 0.1770
Epoch [2/5] | Batch [7350/15425] | Loss: 0.2304
Epoch [2/5] | Batch [7360/15425] | Loss: 0.1626
Epoch [2/5] | Batch [7370/15425] | Loss: 0.1576
Epoch [2/5] | Batch [7380/15425] | Loss: 0.1878
Epoch [2/5] | Batch [7390/15425] | Loss: 0.1650
Epoch [2/5] | Batch [7400/15425] | Loss: 0.1689
Epoch [2/5] | Batch [7410/15425] | Loss: 0.1528
Epoch [2/5] | Batch [7420/15425] | Loss: 0.2056
Epoch [2/5] | Batch [7430/15425] | Loss: 0.1462
Epoch [2/5] | Batch [7440/15425] | Loss: 0.1690
Epoch [2/5] | Batch [7450/15425] | Loss: 0.1765
Epoch [2/5] | Batch [7460/15425] | Loss: 0.1822
Epoch [2/5] | Batch [7470/15425] | Loss: 0.1889
Epoch [2/5] | Batch [7480/15425] | Loss: 0.1483
Epoch [2/5] | Batch [7490/15425] | Loss: 0.1898
Epoch [2/5] | Batch [7500/15425] | Loss: 0.1272
Epoch [2/5] | Batch [7510/15425] | Loss: 0.1931
Epoch [2/5] | Batch [7520/15425] | Loss: 0.1533
Epoch [2/5] | Batch [7530/15425] | Loss: 0.1971
Epoch [2/5] | Batch [7540/15425] | Loss: 0.1843
Epoch [2/5] | Batch [7550/15425] | Loss: 0.1692
Epoch [2/5] | Batch [7560/15425] | Loss: 0.1709
Epoch [2/5] | Batch [7570/15425] | Loss: 0.1334
  [VAL @ step 23000] val_loss=0.1675 | best=0.1634
  [CHECKPOINT] Saved at vla_checkpoints/lora_epoch_2_step_23000
Epoch [2/5] | Batch [7580/15425] | Loss: 0.1693
Epoch [2/5] | Batch [7590/15425] | Loss: 0.2011
Epoch [2/5] | Batch [7600/15425] | Loss: 0.1966
Epoch [2/5] | Batch [7610/15425] | Loss: 0.1771
Epoch [2/5] | Batch [7620/15425] | Loss: 0.1879
Epoch [2/5] | Batch [7630/15425] | Loss: 0.2003
Epoch [2/5] | Batch [7640/15425] | Loss: 0.1331
Epoch [2/5] | Batch [7650/15425] | Loss: 0.1550
Epoch [2/5] | Batch [7660/15425] | Loss: 0.1561
Epoch [2/5] | Batch [7670/15425] | Loss: 0.1674
Epoch [2/5] | Batch [7680/15425] | Loss: 0.1562
Epoch [2/5] | Batch [7690/15425] | Loss: 0.1355
Epoch [2/5] | Batch [7700/15425] | Loss: 0.1559
Epoch [2/5] | Batch [7710/15425] | Loss: 0.1300
Epoch [2/5] | Batch [7720/15425] | Loss: 0.1856
Epoch [2/5] | Batch [7730/15425] | Loss: 0.1737
Epoch [2/5] | Batch [7740/15425] | Loss: 0.1460
Epoch [2/5] | Batch [7750/15425] | Loss: 0.1793
Epoch [2/5] | Batch [7760/15425] | Loss: 0.1573
Epoch [2/5] | Batch [7770/15425] | Loss: 0.1820
Epoch [2/5] | Batch [7780/15425] | Loss: 0.1806
Epoch [2/5] | Batch [7790/15425] | Loss: 0.1747
Epoch [2/5] | Batch [7800/15425] | Loss: 0.1822
Epoch [2/5] | Batch [7810/15425] | Loss: 0.2078
Epoch [2/5] | Batch [7820/15425] | Loss: 0.2459
Epoch [2/5] | Batch [7830/15425] | Loss: 0.1792
Epoch [2/5] | Batch [7840/15425] | Loss: 0.1329
Epoch [2/5] | Batch [7850/15425] | Loss: 0.1509
Epoch [2/5] | Batch [7860/15425] | Loss: 0.1436
Epoch [2/5] | Batch [7870/15425] | Loss: 0.1726
Epoch [2/5] | Batch [7880/15425] | Loss: 0.1481
Epoch [2/5] | Batch [7890/15425] | Loss: 0.1613
Epoch [2/5] | Batch [7900/15425] | Loss: 0.1456
Epoch [2/5] | Batch [7910/15425] | Loss: 0.1585
Epoch [2/5] | Batch [7920/15425] | Loss: 0.1397
Epoch [2/5] | Batch [7930/15425] | Loss: 0.1545
Epoch [2/5] | Batch [7940/15425] | Loss: 0.1721
Epoch [2/5] | Batch [7950/15425] | Loss: 0.2075
Epoch [2/5] | Batch [7960/15425] | Loss: 0.1830
Epoch [2/5] | Batch [7970/15425] | Loss: 0.1707
Epoch [2/5] | Batch [7980/15425] | Loss: 0.1703
Epoch [2/5] | Batch [7990/15425] | Loss: 0.1499
Epoch [2/5] | Batch [8000/15425] | Loss: 0.1884
Epoch [2/5] | Batch [8010/15425] | Loss: 0.1722
Epoch [2/5] | Batch [8020/15425] | Loss: 0.1508
Epoch [2/5] | Batch [8030/15425] | Loss: 0.1689
Epoch [2/5] | Batch [8040/15425] | Loss: 0.1407
Epoch [2/5] | Batch [8050/15425] | Loss: 0.1689
Epoch [2/5] | Batch [8060/15425] | Loss: 0.1478
Epoch [2/5] | Batch [8070/15425] | Loss: 0.1598
  [VAL @ step 23500] val_loss=0.1656 | best=0.1634
  [CHECKPOINT] Saved at vla_checkpoints/lora_epoch_2_step_23500
Epoch [2/5] | Batch [8080/15425] | Loss: 0.1867
Epoch [2/5] | Batch [8090/15425] | Loss: 0.1961
Epoch [2/5] | Batch [8100/15425] | Loss: 0.2089
Epoch [2/5] | Batch [8110/15425] | Loss: 0.1988
Epoch [2/5] | Batch [8120/15425] | Loss: 0.1435
Epoch [2/5] | Batch [8130/15425] | Loss: 0.1939
Epoch [2/5] | Batch [8140/15425] | Loss: 0.1740
Epoch [2/5] | Batch [8150/15425] | Loss: 0.1688
Epoch [2/5] | Batch [8160/15425] | Loss: 0.1391
Epoch [2/5] | Batch [8170/15425] | Loss: 0.1689
Epoch [2/5] | Batch [8180/15425] | Loss: 0.1825
Epoch [2/5] | Batch [8190/15425] | Loss: 0.1727
Epoch [2/5] | Batch [8200/15425] | Loss: 0.1863
Epoch [2/5] | Batch [8210/15425] | Loss: 0.1774
Epoch [2/5] | Batch [8220/15425] | Loss: 0.1455
Epoch [2/5] | Batch [8230/15425] | Loss: 0.1587
Epoch [2/5] | Batch [8240/15425] | Loss: 0.1691
Epoch [2/5] | Batch [8250/15425] | Loss: 0.1522
Epoch [2/5] | Batch [8260/15425] | Loss: 0.1413
Epoch [2/5] | Batch [8270/15425] | Loss: 0.1626
Epoch [2/5] | Batch [8280/15425] | Loss: 0.1978
Epoch [2/5] | Batch [8290/15425] | Loss: 0.1658
Epoch [2/5] | Batch [8300/15425] | Loss: 0.1384
Epoch [2/5] | Batch [8310/15425] | Loss: 0.1841
Epoch [2/5] | Batch [8320/15425] | Loss: 0.1852
Epoch [2/5] | Batch [8330/15425] | Loss: 0.1508
Epoch [2/5] | Batch [8340/15425] | Loss: 0.1952
Epoch [2/5] | Batch [8350/15425] | Loss: 0.1894
Epoch [2/5] | Batch [8360/15425] | Loss: 0.1401
Epoch [2/5] | Batch [8370/15425] | Loss: 0.1650
Epoch [2/5] | Batch [8380/15425] | Loss: 0.1545
Epoch [2/5] | Batch [8390/15425] | Loss: 0.1374
Epoch [2/5] | Batch [8400/15425] | Loss: 0.1594
Epoch [2/5] | Batch [8410/15425] | Loss: 0.1629
Epoch [2/5] | Batch [8420/15425] | Loss: 0.1496
Epoch [2/5] | Batch [8430/15425] | Loss: 0.1405
Epoch [2/5] | Batch [8440/15425] | Loss: 0.1987
Epoch [2/5] | Batch [8450/15425] | Loss: 0.1441
Epoch [2/5] | Batch [8460/15425] | Loss: 0.1774
Epoch [2/5] | Batch [8470/15425] | Loss: 0.1880
Epoch [2/5] | Batch [8480/15425] | Loss: 0.1392
Epoch [2/5] | Batch [8490/15425] | Loss: 0.1787
Epoch [2/5] | Batch [8500/15425] | Loss: 0.1570
Epoch [2/5] | Batch [8510/15425] | Loss: 0.1759
Epoch [2/5] | Batch [8520/15425] | Loss: 0.1457
Epoch [2/5] | Batch [8530/15425] | Loss: 0.1679
Epoch [2/5] | Batch [8540/15425] | Loss: 0.1380
Epoch [2/5] | Batch [8550/15425] | Loss: 0.1418
Epoch [2/5] | Batch [8560/15425] | Loss: 0.1798
Epoch [2/5] | Batch [8570/15425] | Loss: 0.1371
  [VAL @ step 24000] val_loss=0.1712 | best=0.1634
  [CHECKPOINT] Saved at vla_checkpoints/lora_epoch_2_step_24000
Epoch [2/5] | Batch [8580/15425] | Loss: 0.1434
Epoch [2/5] | Batch [8590/15425] | Loss: 0.1603
Epoch [2/5] | Batch [8600/15425] | Loss: 0.1524
Epoch [2/5] | Batch [8610/15425] | Loss: 0.1780
Epoch [2/5] | Batch [8620/15425] | Loss: 0.2213
Epoch [2/5] | Batch [8630/15425] | Loss: 0.1850
Epoch [2/5] | Batch [8640/15425] | Loss: 0.1787
Epoch [2/5] | Batch [8650/15425] | Loss: 0.2097
Epoch [2/5] | Batch [8660/15425] | Loss: 0.1480
Epoch [2/5] | Batch [8670/15425] | Loss: 0.1638
Epoch [2/5] | Batch [8680/15425] | Loss: 0.2142
Epoch [2/5] | Batch [8690/15425] | Loss: 0.1887
Epoch [2/5] | Batch [8700/15425] | Loss: 0.1610
Epoch [2/5] | Batch [8710/15425] | Loss: 0.1658
Epoch [2/5] | Batch [8720/15425] | Loss: 0.2032
Epoch [2/5] | Batch [8730/15425] | Loss: 0.1979
Epoch [2/5] | Batch [8740/15425] | Loss: 0.1535
Epoch [2/5] | Batch [8750/15425] | Loss: 0.1511
Epoch [2/5] | Batch [8760/15425] | Loss: 0.2184
Epoch [2/5] | Batch [8770/15425] | Loss: 0.1618
Epoch [2/5] | Batch [8780/15425] | Loss: 0.1624
Epoch [2/5] | Batch [8790/15425] | Loss: 0.1799
Epoch [2/5] | Batch [8800/15425] | Loss: 0.1423
Epoch [2/5] | Batch [8810/15425] | Loss: 0.1407
Epoch [2/5] | Batch [8820/15425] | Loss: 0.1833
Epoch [2/5] | Batch [8830/15425] | Loss: 0.1758
Epoch [2/5] | Batch [8840/15425] | Loss: 0.1562
Epoch [2/5] | Batch [8850/15425] | Loss: 0.1528
Epoch [2/5] | Batch [8860/15425] | Loss: 0.1400
Epoch [2/5] | Batch [8870/15425] | Loss: 0.1951
Epoch [2/5] | Batch [8880/15425] | Loss: 0.2076
Epoch [2/5] | Batch [8890/15425] | Loss: 0.1543
Epoch [2/5] | Batch [8900/15425] | Loss: 0.1516
Epoch [2/5] | Batch [8910/15425] | Loss: 0.1580
Epoch [2/5] | Batch [8920/15425] | Loss: 0.2132
Epoch [2/5] | Batch [8930/15425] | Loss: 0.2013
Epoch [2/5] | Batch [8940/15425] | Loss: 0.1758
Epoch [2/5] | Batch [8950/15425] | Loss: 0.1617
Epoch [2/5] | Batch [8960/15425] | Loss: 0.1834
Epoch [2/5] | Batch [8970/15425] | Loss: 0.1525
Epoch [2/5] | Batch [8980/15425] | Loss: 0.1675
Epoch [2/5] | Batch [8990/15425] | Loss: 0.1698
Epoch [2/5] | Batch [9000/15425] | Loss: 0.1622
Epoch [2/5] | Batch [9010/15425] | Loss: 0.1645
Epoch [2/5] | Batch [9020/15425] | Loss: 0.1716
Epoch [2/5] | Batch [9030/15425] | Loss: 0.1887
Epoch [2/5] | Batch [9040/15425] | Loss: 0.1720
Epoch [2/5] | Batch [9050/15425] | Loss: 0.1855
Epoch [2/5] | Batch [9060/15425] | Loss: 0.1773
Epoch [2/5] | Batch [9070/15425] | Loss: 0.1675
  [VAL @ step 24500] val_loss=0.1689 | best=0.1634
  [CHECKPOINT] Saved at vla_checkpoints/lora_epoch_2_step_24500
Epoch [2/5] | Batch [9080/15425] | Loss: 0.1752
Epoch [2/5] | Batch [9090/15425] | Loss: 0.1829
Epoch [2/5] | Batch [9100/15425] | Loss: 0.1817
Epoch [2/5] | Batch [9110/15425] | Loss: 0.1566
Epoch [2/5] | Batch [9120/15425] | Loss: 0.1501
Epoch [2/5] | Batch [9130/15425] | Loss: 0.1267
Epoch [2/5] | Batch [9140/15425] | Loss: 0.1965
Epoch [2/5] | Batch [9150/15425] | Loss: 0.1648
Epoch [2/5] | Batch [9160/15425] | Loss: 0.1358
Epoch [2/5] | Batch [9170/15425] | Loss: 0.1941
Epoch [2/5] | Batch [9180/15425] | Loss: 0.1794
Epoch [2/5] | Batch [9190/15425] | Loss: 0.1684
Epoch [2/5] | Batch [9200/15425] | Loss: 0.1796
Epoch [2/5] | Batch [9210/15425] | Loss: 0.2136
Epoch [2/5] | Batch [9220/15425] | Loss: 0.1512
Epoch [2/5] | Batch [9230/15425] | Loss: 0.1652
Epoch [2/5] | Batch [9240/15425] | Loss: 0.1526
Epoch [2/5] | Batch [9250/15425] | Loss: 0.1531
Epoch [2/5] | Batch [9260/15425] | Loss: 0.1817
Epoch [2/5] | Batch [9270/15425] | Loss: 0.1633
Epoch [2/5] | Batch [9280/15425] | Loss: 0.2009
Epoch [2/5] | Batch [9290/15425] | Loss: 0.1403
Epoch [2/5] | Batch [9300/15425] | Loss: 0.1547
Epoch [2/5] | Batch [9310/15425] | Loss: 0.1608
Epoch [2/5] | Batch [9320/15425] | Loss: 0.1545
Epoch [2/5] | Batch [9330/15425] | Loss: 0.1694
Epoch [2/5] | Batch [9340/15425] | Loss: 0.1565
Epoch [2/5] | Batch [9350/15425] | Loss: 0.1528
Epoch [2/5] | Batch [9360/15425] | Loss: 0.1697
Epoch [2/5] | Batch [9370/15425] | Loss: 0.1759
Epoch [2/5] | Batch [9380/15425] | Loss: 0.1441
Epoch [2/5] | Batch [9390/15425] | Loss: 0.2064
Epoch [2/5] | Batch [9400/15425] | Loss: 0.1470
Epoch [2/5] | Batch [9410/15425] | Loss: 0.1611
Epoch [2/5] | Batch [9420/15425] | Loss: 0.1664
Epoch [2/5] | Batch [9430/15425] | Loss: 0.1802
Epoch [2/5] | Batch [9440/15425] | Loss: 0.1640
Epoch [2/5] | Batch [9450/15425] | Loss: 0.1575
Epoch [2/5] | Batch [9460/15425] | Loss: 0.1695
Epoch [2/5] | Batch [9470/15425] | Loss: 0.2007
Epoch [2/5] | Batch [9480/15425] | Loss: 0.1451
Epoch [2/5] | Batch [9490/15425] | Loss: 0.1871
Epoch [2/5] | Batch [9500/15425] | Loss: 0.1280
Epoch [2/5] | Batch [9510/15425] | Loss: 0.1893
Epoch [2/5] | Batch [9520/15425] | Loss: 0.1964
Epoch [2/5] | Batch [9530/15425] | Loss: 0.1878
Epoch [2/5] | Batch [9540/15425] | Loss: 0.1626
Epoch [2/5] | Batch [9550/15425] | Loss: 0.1603
Epoch [2/5] | Batch [9560/15425] | Loss: 0.1680
Epoch [2/5] | Batch [9570/15425] | Loss: 0.1882
  [VAL @ step 25000] val_loss=0.1690 | best=0.1634
  [CHECKPOINT] Saved at vla_checkpoints/lora_epoch_2_step_25000
Epoch [2/5] | Batch [9580/15425] | Loss: 0.1933
Epoch [2/5] | Batch [9590/15425] | Loss: 0.2020
Epoch [2/5] | Batch [9600/15425] | Loss: 0.1546
Epoch [2/5] | Batch [9610/15425] | Loss: 0.1598
Epoch [2/5] | Batch [9620/15425] | Loss: 0.1881
Epoch [2/5] | Batch [9630/15425] | Loss: 0.1439
Epoch [2/5] | Batch [9640/15425] | Loss: 0.1745
Epoch [2/5] | Batch [9650/15425] | Loss: 0.1442
Epoch [2/5] | Batch [9660/15425] | Loss: 0.1649
Epoch [2/5] | Batch [9670/15425] | Loss: 0.1929
Epoch [2/5] | Batch [9680/15425] | Loss: 0.1890
Epoch [2/5] | Batch [9690/15425] | Loss: 0.1877
Epoch [2/5] | Batch [9700/15425] | Loss: 0.1824
Epoch [2/5] | Batch [9710/15425] | Loss: 0.1476
Epoch [2/5] | Batch [9720/15425] | Loss: 0.2280
Epoch [2/5] | Batch [9730/15425] | Loss: 0.1615
Epoch [2/5] | Batch [9740/15425] | Loss: 0.1461
Epoch [2/5] | Batch [9750/15425] | Loss: 0.1865
Epoch [2/5] | Batch [9760/15425] | Loss: 0.1760
Epoch [2/5] | Batch [9770/15425] | Loss: 0.1642
Epoch [2/5] | Batch [9780/15425] | Loss: 0.1703
Epoch [2/5] | Batch [9790/15425] | Loss: 0.1852
Epoch [2/5] | Batch [9800/15425] | Loss: 0.1948
Epoch [2/5] | Batch [9810/15425] | Loss: 0.1308
Epoch [2/5] | Batch [9820/15425] | Loss: 0.1681
Epoch [2/5] | Batch [9830/15425] | Loss: 0.2101
Epoch [2/5] | Batch [9840/15425] | Loss: 0.1695
Epoch [2/5] | Batch [9850/15425] | Loss: 0.1599
Epoch [2/5] | Batch [9860/15425] | Loss: 0.1526
Epoch [2/5] | Batch [9870/15425] | Loss: 0.1936
Epoch [2/5] | Batch [9880/15425] | Loss: 0.1623
Epoch [2/5] | Batch [9890/15425] | Loss: 0.1750
Epoch [2/5] | Batch [9900/15425] | Loss: 0.1495
Epoch [2/5] | Batch [9910/15425] | Loss: 0.2200
Epoch [2/5] | Batch [9920/15425] | Loss: 0.2002
Epoch [2/5] | Batch [9930/15425] | Loss: 0.1688
Epoch [2/5] | Batch [9940/15425] | Loss: 0.1518
Epoch [2/5] | Batch [9950/15425] | Loss: 0.1533
Epoch [2/5] | Batch [9960/15425] | Loss: 0.1582
Epoch [2/5] | Batch [9970/15425] | Loss: 0.1846
Epoch [2/5] | Batch [9980/15425] | Loss: 0.1683
Epoch [2/5] | Batch [9990/15425] | Loss: 0.1631
Epoch [2/5] | Batch [10000/15425] | Loss: 0.1943
Epoch [2/5] | Batch [10010/15425] | Loss: 0.1658
Epoch [2/5] | Batch [10020/15425] | Loss: 0.1570
Epoch [2/5] | Batch [10030/15425] | Loss: 0.1756
Epoch [2/5] | Batch [10040/15425] | Loss: 0.2092
Epoch [2/5] | Batch [10050/15425] | Loss: 0.1941
Epoch [2/5] | Batch [10060/15425] | Loss: 0.2051
Epoch [2/5] | Batch [10070/15425] | Loss: 0.1519
  [VAL @ step 25500] val_loss=0.1666 | best=0.1634
  [CHECKPOINT] Saved at vla_checkpoints/lora_epoch_2_step_25500
Epoch [2/5] | Batch [10080/15425] | Loss: 0.1808
Epoch [2/5] | Batch [10090/15425] | Loss: 0.1777
Epoch [2/5] | Batch [10100/15425] | Loss: 0.1705
Epoch [2/5] | Batch [10110/15425] | Loss: 0.1789
Epoch [2/5] | Batch [10120/15425] | Loss: 0.1860
Epoch [2/5] | Batch [10130/15425] | Loss: 0.1450
Epoch [2/5] | Batch [10140/15425] | Loss: 0.1643
Epoch [2/5] | Batch [10150/15425] | Loss: 0.1460
Epoch [2/5] | Batch [10160/15425] | Loss: 0.1381
Epoch [2/5] | Batch [10170/15425] | Loss: 0.1465
Epoch [2/5] | Batch [10180/15425] | Loss: 0.1681
Epoch [2/5] | Batch [10190/15425] | Loss: 0.1868
Epoch [2/5] | Batch [10200/15425] | Loss: 0.1833
Epoch [2/5] | Batch [10210/15425] | Loss: 0.1688
Epoch [2/5] | Batch [10220/15425] | Loss: 0.1972
Epoch [2/5] | Batch [10230/15425] | Loss: 0.1675
Epoch [2/5] | Batch [10240/15425] | Loss: 0.1724
Epoch [2/5] | Batch [10250/15425] | Loss: 0.1757
Epoch [2/5] | Batch [10260/15425] | Loss: 0.1725
Epoch [2/5] | Batch [10270/15425] | Loss: 0.1988
Epoch [2/5] | Batch [10280/15425] | Loss: 0.1958
Epoch [2/5] | Batch [10290/15425] | Loss: 0.1702
Epoch [2/5] | Batch [10300/15425] | Loss: 0.1963
Epoch [2/5] | Batch [10310/15425] | Loss: 0.2323
Epoch [2/5] | Batch [10320/15425] | Loss: 0.1922
Epoch [2/5] | Batch [10330/15425] | Loss: 0.1927
Epoch [2/5] | Batch [10340/15425] | Loss: 0.1650
Epoch [2/5] | Batch [10350/15425] | Loss: 0.1520
Epoch [2/5] | Batch [10360/15425] | Loss: 0.1839
Epoch [2/5] | Batch [10370/15425] | Loss: 0.1631
Epoch [2/5] | Batch [10380/15425] | Loss: 0.1427
Epoch [2/5] | Batch [10390/15425] | Loss: 0.1716
Epoch [2/5] | Batch [10400/15425] | Loss: 0.1595
Epoch [2/5] | Batch [10410/15425] | Loss: 0.1657
Epoch [2/5] | Batch [10420/15425] | Loss: 0.1629
Epoch [2/5] | Batch [10430/15425] | Loss: 0.1943
Epoch [2/5] | Batch [10440/15425] | Loss: 0.1730
Epoch [2/5] | Batch [10450/15425] | Loss: 0.1630
Epoch [2/5] | Batch [10460/15425] | Loss: 0.1755
Epoch [2/5] | Batch [10470/15425] | Loss: 0.1343
Epoch [2/5] | Batch [10480/15425] | Loss: 0.1477
Epoch [2/5] | Batch [10490/15425] | Loss: 0.1647
Epoch [2/5] | Batch [10500/15425] | Loss: 0.1726
Epoch [2/5] | Batch [10510/15425] | Loss: 0.1822
Epoch [2/5] | Batch [10520/15425] | Loss: 0.1990
Epoch [2/5] | Batch [10530/15425] | Loss: 0.1923
Epoch [2/5] | Batch [10540/15425] | Loss: 0.1664
Epoch [2/5] | Batch [10550/15425] | Loss: 0.1970
Epoch [2/5] | Batch [10560/15425] | Loss: 0.1674
Epoch [2/5] | Batch [10570/15425] | Loss: 0.1390
  [VAL @ step 26000] val_loss=0.1690 | best=0.1634
  [CHECKPOINT] Saved at vla_checkpoints/lora_epoch_2_step_26000
Epoch [2/5] | Batch [10580/15425] | Loss: 0.1798
Epoch [2/5] | Batch [10590/15425] | Loss: 0.1869
Epoch [2/5] | Batch [10600/15425] | Loss: 0.1721
Epoch [2/5] | Batch [10610/15425] | Loss: 0.1485
Epoch [2/5] | Batch [10620/15425] | Loss: 0.1663
Epoch [2/5] | Batch [10630/15425] | Loss: 0.1640
Epoch [2/5] | Batch [10640/15425] | Loss: 0.1946
Epoch [2/5] | Batch [10650/15425] | Loss: 0.1894
Epoch [2/5] | Batch [10660/15425] | Loss: 0.1791
Epoch [2/5] | Batch [10670/15425] | Loss: 0.1785
Epoch [2/5] | Batch [10680/15425] | Loss: 0.2398
Epoch [2/5] | Batch [10690/15425] | Loss: 0.1669
Epoch [2/5] | Batch [10700/15425] | Loss: 0.1660
Epoch [2/5] | Batch [10710/15425] | Loss: 0.1732
Epoch [2/5] | Batch [10720/15425] | Loss: 0.1888
Epoch [2/5] | Batch [10730/15425] | Loss: 0.1590
Epoch [2/5] | Batch [10740/15425] | Loss: 0.1984
Epoch [2/5] | Batch [10750/15425] | Loss: 0.1636
Epoch [2/5] | Batch [10760/15425] | Loss: 0.1593
Epoch [2/5] | Batch [10770/15425] | Loss: 0.1535
Epoch [2/5] | Batch [10780/15425] | Loss: 0.1416
Epoch [2/5] | Batch [10790/15425] | Loss: 0.2333
Epoch [2/5] | Batch [10800/15425] | Loss: 0.1792
Epoch [2/5] | Batch [10810/15425] | Loss: 0.1609
Epoch [2/5] | Batch [10820/15425] | Loss: 0.1898
Epoch [2/5] | Batch [10830/15425] | Loss: 0.1512
Epoch [2/5] | Batch [10840/15425] | Loss: 0.1375
Epoch [2/5] | Batch [10850/15425] | Loss: 0.1746
Epoch [2/5] | Batch [10860/15425] | Loss: 0.1407
Epoch [2/5] | Batch [10870/15425] | Loss: 0.1500
Epoch [2/5] | Batch [10880/15425] | Loss: 0.1841
Epoch [2/5] | Batch [10890/15425] | Loss: 0.2519
Epoch [2/5] | Batch [10900/15425] | Loss: 0.1616
Epoch [2/5] | Batch [10910/15425] | Loss: 0.1782
Epoch [2/5] | Batch [10920/15425] | Loss: 0.1662
Epoch [2/5] | Batch [10930/15425] | Loss: 0.1820
Epoch [2/5] | Batch [10940/15425] | Loss: 0.1966
Epoch [2/5] | Batch [10950/15425] | Loss: 0.1843
Epoch [2/5] | Batch [10960/15425] | Loss: 0.2105
Epoch [2/5] | Batch [10970/15425] | Loss: 0.1500
Epoch [2/5] | Batch [10980/15425] | Loss: 0.1500
Epoch [2/5] | Batch [10990/15425] | Loss: 0.1679
Epoch [2/5] | Batch [11000/15425] | Loss: 0.1761
Epoch [2/5] | Batch [11010/15425] | Loss: 0.1670
Epoch [2/5] | Batch [11020/15425] | Loss: 0.1678
Epoch [2/5] | Batch [11030/15425] | Loss: 0.1939
Epoch [2/5] | Batch [11040/15425] | Loss: 0.1336
Epoch [2/5] | Batch [11050/15425] | Loss: 0.1407
Epoch [2/5] | Batch [11060/15425] | Loss: 0.2379
Epoch [2/5] | Batch [11070/15425] | Loss: 0.1670
  [VAL @ step 26500] val_loss=0.1683 | best=0.1634
  [CHECKPOINT] Saved at vla_checkpoints/lora_epoch_2_step_26500
Epoch [2/5] | Batch [11080/15425] | Loss: 0.1432
Epoch [2/5] | Batch [11090/15425] | Loss: 0.2095
Epoch [2/5] | Batch [11100/15425] | Loss: 0.1834
Epoch [2/5] | Batch [11110/15425] | Loss: 0.2154
Epoch [2/5] | Batch [11120/15425] | Loss: 0.1686
Epoch [2/5] | Batch [11130/15425] | Loss: 0.1839
Epoch [2/5] | Batch [11140/15425] | Loss: 0.1675
Epoch [2/5] | Batch [11150/15425] | Loss: 0.1542
Epoch [2/5] | Batch [11160/15425] | Loss: 0.1543
Epoch [2/5] | Batch [11170/15425] | Loss: 0.2000
Epoch [2/5] | Batch [11180/15425] | Loss: 0.1908
Epoch [2/5] | Batch [11190/15425] | Loss: 0.1924
Epoch [2/5] | Batch [11200/15425] | Loss: 0.1973
Epoch [2/5] | Batch [11210/15425] | Loss: 0.1723
Epoch [2/5] | Batch [11220/15425] | Loss: 0.1786
Epoch [2/5] | Batch [11230/15425] | Loss: 0.1903
Epoch [2/5] | Batch [11240/15425] | Loss: 0.1634
Epoch [2/5] | Batch [11250/15425] | Loss: 0.1592
Epoch [2/5] | Batch [11260/15425] | Loss: 0.1884
Epoch [2/5] | Batch [11270/15425] | Loss: 0.1634
Epoch [2/5] | Batch [11280/15425] | Loss: 0.2146
Epoch [2/5] | Batch [11290/15425] | Loss: 0.1691
Epoch [2/5] | Batch [11300/15425] | Loss: 0.1551
Epoch [2/5] | Batch [11310/15425] | Loss: 0.2042
Epoch [2/5] | Batch [11320/15425] | Loss: 0.2007
Epoch [2/5] | Batch [11330/15425] | Loss: 0.1637
Epoch [2/5] | Batch [11340/15425] | Loss: 0.1984
Epoch [2/5] | Batch [11350/15425] | Loss: 0.1439
Epoch [2/5] | Batch [11360/15425] | Loss: 0.1738
Epoch [2/5] | Batch [11370/15425] | Loss: 0.1878
Epoch [2/5] | Batch [11380/15425] | Loss: 0.1546
Epoch [2/5] | Batch [11390/15425] | Loss: 0.1529
Epoch [2/5] | Batch [11400/15425] | Loss: 0.1365
Epoch [2/5] | Batch [11410/15425] | Loss: 0.1567
Epoch [2/5] | Batch [11420/15425] | Loss: 0.1336
Epoch [2/5] | Batch [11430/15425] | Loss: 0.1899
Epoch [2/5] | Batch [11440/15425] | Loss: 0.1487
Epoch [2/5] | Batch [11450/15425] | Loss: 0.1659
Epoch [2/5] | Batch [11460/15425] | Loss: 0.1824
Epoch [2/5] | Batch [11470/15425] | Loss: 0.1997
Epoch [2/5] | Batch [11480/15425] | Loss: 0.1486
Epoch [2/5] | Batch [11490/15425] | Loss: 0.1797
Epoch [2/5] | Batch [11500/15425] | Loss: 0.1448
Epoch [2/5] | Batch [11510/15425] | Loss: 0.1590
Epoch [2/5] | Batch [11520/15425] | Loss: 0.1819
Epoch [2/5] | Batch [11530/15425] | Loss: 0.1517
Epoch [2/5] | Batch [11540/15425] | Loss: 0.1829
Epoch [2/5] | Batch [11550/15425] | Loss: 0.2109
Epoch [2/5] | Batch [11560/15425] | Loss: 0.1269
Epoch [2/5] | Batch [11570/15425] | Loss: 0.1516
  [VAL @ step 27000] val_loss=0.1705 | best=0.1634
  [CHECKPOINT] Saved at vla_checkpoints/lora_epoch_2_step_27000
Epoch [2/5] | Batch [11580/15425] | Loss: 0.1621
Epoch [2/5] | Batch [11590/15425] | Loss: 0.1728
Epoch [2/5] | Batch [11600/15425] | Loss: 0.1662
Epoch [2/5] | Batch [11610/15425] | Loss: 0.1856
Epoch [2/5] | Batch [11620/15425] | Loss: 0.1663
Epoch [2/5] | Batch [11630/15425] | Loss: 0.1876
Epoch [2/5] | Batch [11640/15425] | Loss: 0.2129
Epoch [2/5] | Batch [11650/15425] | Loss: 0.1755
Epoch [2/5] | Batch [11660/15425] | Loss: 0.1507
Epoch [2/5] | Batch [11670/15425] | Loss: 0.1434
Epoch [2/5] | Batch [11680/15425] | Loss: 0.1647
Epoch [2/5] | Batch [11690/15425] | Loss: 0.1903
Epoch [2/5] | Batch [11700/15425] | Loss: 0.1495
Epoch [2/5] | Batch [11710/15425] | Loss: 0.1429
Epoch [2/5] | Batch [11720/15425] | Loss: 0.1769
Epoch [2/5] | Batch [11730/15425] | Loss: 0.1648
Epoch [2/5] | Batch [11740/15425] | Loss: 0.1640
Epoch [2/5] | Batch [11750/15425] | Loss: 0.1917
Epoch [2/5] | Batch [11760/15425] | Loss: 0.1847
Epoch [2/5] | Batch [11770/15425] | Loss: 0.1695
Epoch [2/5] | Batch [11780/15425] | Loss: 0.1590
Epoch [2/5] | Batch [11790/15425] | Loss: 0.1897
Epoch [2/5] | Batch [11800/15425] | Loss: 0.1352
Epoch [2/5] | Batch [11810/15425] | Loss: 0.1336
Epoch [2/5] | Batch [11820/15425] | Loss: 0.1628
Epoch [2/5] | Batch [11830/15425] | Loss: 0.1462
Epoch [2/5] | Batch [11840/15425] | Loss: 0.1602
Epoch [2/5] | Batch [11850/15425] | Loss: 0.1615
Epoch [2/5] | Batch [11860/15425] | Loss: 0.1599
Epoch [2/5] | Batch [11870/15425] | Loss: 0.1528
Epoch [2/5] | Batch [11880/15425] | Loss: 0.1736
Epoch [2/5] | Batch [11890/15425] | Loss: 0.1716
Epoch [2/5] | Batch [11900/15425] | Loss: 0.1935
Epoch [2/5] | Batch [11910/15425] | Loss: 0.1629
Epoch [2/5] | Batch [11920/15425] | Loss: 0.1728
Epoch [2/5] | Batch [11930/15425] | Loss: 0.1468
Epoch [2/5] | Batch [11940/15425] | Loss: 0.1505
Epoch [2/5] | Batch [11950/15425] | Loss: 0.1365
Epoch [2/5] | Batch [11960/15425] | Loss: 0.1901
Epoch [2/5] | Batch [11970/15425] | Loss: 0.2070
Epoch [2/5] | Batch [11980/15425] | Loss: 0.1673
Epoch [2/5] | Batch [11990/15425] | Loss: 0.1610
Epoch [2/5] | Batch [12000/15425] | Loss: 0.1799
Epoch [2/5] | Batch [12010/15425] | Loss: 0.1690
Epoch [2/5] | Batch [12020/15425] | Loss: 0.1688
Epoch [2/5] | Batch [12030/15425] | Loss: 0.1680
Epoch [2/5] | Batch [12040/15425] | Loss: 0.1988
Epoch [2/5] | Batch [12050/15425] | Loss: 0.1307
Epoch [2/5] | Batch [12060/15425] | Loss: 0.1764
Epoch [2/5] | Batch [12070/15425] | Loss: 0.1735
  [VAL @ step 27500] val_loss=0.1638 | best=0.1634
  [CHECKPOINT] Saved at vla_checkpoints/lora_epoch_2_step_27500
Epoch [2/5] | Batch [12080/15425] | Loss: 0.1307
Epoch [2/5] | Batch [12090/15425] | Loss: 0.1731
Epoch [2/5] | Batch [12100/15425] | Loss: 0.1749
Epoch [2/5] | Batch [12110/15425] | Loss: 0.1653
Epoch [2/5] | Batch [12120/15425] | Loss: 0.1826
Epoch [2/5] | Batch [12130/15425] | Loss: 0.1604
Epoch [2/5] | Batch [12140/15425] | Loss: 0.1747
Epoch [2/5] | Batch [12150/15425] | Loss: 0.1680
Epoch [2/5] | Batch [12160/15425] | Loss: 0.1373
Epoch [2/5] | Batch [12170/15425] | Loss: 0.1561
Epoch [2/5] | Batch [12180/15425] | Loss: 0.1795
Epoch [2/5] | Batch [12190/15425] | Loss: 0.1923
Epoch [2/5] | Batch [12200/15425] | Loss: 0.1850
Epoch [2/5] | Batch [12210/15425] | Loss: 0.1535
Epoch [2/5] | Batch [12220/15425] | Loss: 0.1428
Epoch [2/5] | Batch [12230/15425] | Loss: 0.1737
Epoch [2/5] | Batch [12240/15425] | Loss: 0.1660
Epoch [2/5] | Batch [12250/15425] | Loss: 0.1273
Epoch [2/5] | Batch [12260/15425] | Loss: 0.1486
Epoch [2/5] | Batch [12270/15425] | Loss: 0.1834
Epoch [2/5] | Batch [12280/15425] | Loss: 0.1683
Epoch [2/5] | Batch [12290/15425] | Loss: 0.1801
Epoch [2/5] | Batch [12300/15425] | Loss: 0.1674
Epoch [2/5] | Batch [12310/15425] | Loss: 0.1623
Epoch [2/5] | Batch [12320/15425] | Loss: 0.1686
Epoch [2/5] | Batch [12330/15425] | Loss: 0.1416
Epoch [2/5] | Batch [12340/15425] | Loss: 0.1726
Epoch [2/5] | Batch [12350/15425] | Loss: 0.1670
Epoch [2/5] | Batch [12360/15425] | Loss: 0.1657
Epoch [2/5] | Batch [12370/15425] | Loss: 0.1148
Epoch [2/5] | Batch [12380/15425] | Loss: 0.1581
Epoch [2/5] | Batch [12390/15425] | Loss: 0.2261
Epoch [2/5] | Batch [12400/15425] | Loss: 0.1693
Epoch [2/5] | Batch [12410/15425] | Loss: 0.1697
Epoch [2/5] | Batch [12420/15425] | Loss: 0.1694
Epoch [2/5] | Batch [12430/15425] | Loss: 0.1411
Epoch [2/5] | Batch [12440/15425] | Loss: 0.1573
Epoch [2/5] | Batch [12450/15425] | Loss: 0.1809
Epoch [2/5] | Batch [12460/15425] | Loss: 0.1394
Epoch [2/5] | Batch [12470/15425] | Loss: 0.1542
Epoch [2/5] | Batch [12480/15425] | Loss: 0.1854
Epoch [2/5] | Batch [12490/15425] | Loss: 0.1765
Epoch [2/5] | Batch [12500/15425] | Loss: 0.1739
Epoch [2/5] | Batch [12510/15425] | Loss: 0.1547
Epoch [2/5] | Batch [12520/15425] | Loss: 0.1704
Epoch [2/5] | Batch [12530/15425] | Loss: 0.1380
Epoch [2/5] | Batch [12540/15425] | Loss: 0.1856
Epoch [2/5] | Batch [12550/15425] | Loss: 0.1468
Epoch [2/5] | Batch [12560/15425] | Loss: 0.1311
Epoch [2/5] | Batch [12570/15425] | Loss: 0.1852
  [VAL @ step 28000] val_loss=0.1685 | best=0.1634
  [CHECKPOINT] Saved at vla_checkpoints/lora_epoch_2_step_28000
Epoch [2/5] | Batch [12580/15425] | Loss: 0.1822
Epoch [2/5] | Batch [12590/15425] | Loss: 0.1762
Epoch [2/5] | Batch [12600/15425] | Loss: 0.1822
Epoch [2/5] | Batch [12610/15425] | Loss: 0.1672
Epoch [2/5] | Batch [12620/15425] | Loss: 0.1573
Epoch [2/5] | Batch [12630/15425] | Loss: 0.1355
Epoch [2/5] | Batch [12640/15425] | Loss: 0.1696
Epoch [2/5] | Batch [12650/15425] | Loss: 0.1948
Epoch [2/5] | Batch [12660/15425] | Loss: 0.1895
Epoch [2/5] | Batch [12670/15425] | Loss: 0.1784
Epoch [2/5] | Batch [12680/15425] | Loss: 0.1711
Epoch [2/5] | Batch [12690/15425] | Loss: 0.1773
Epoch [2/5] | Batch [12700/15425] | Loss: 0.1838
Epoch [2/5] | Batch [12710/15425] | Loss: 0.1319
Epoch [2/5] | Batch [12720/15425] | Loss: 0.1565
Epoch [2/5] | Batch [12730/15425] | Loss: 0.1286
Epoch [2/5] | Batch [12740/15425] | Loss: 0.1615
Epoch [2/5] | Batch [12750/15425] | Loss: 0.1726
Epoch [2/5] | Batch [12760/15425] | Loss: 0.2117
Epoch [2/5] | Batch [12770/15425] | Loss: 0.1681
Epoch [2/5] | Batch [12780/15425] | Loss: 0.1422
Epoch [2/5] | Batch [12790/15425] | Loss: 0.1848
Epoch [2/5] | Batch [12800/15425] | Loss: 0.1582
Epoch [2/5] | Batch [12810/15425] | Loss: 0.1964
Epoch [2/5] | Batch [12820/15425] | Loss: 0.1598
Epoch [2/5] | Batch [12830/15425] | Loss: 0.1808
Epoch [2/5] | Batch [12840/15425] | Loss: 0.1781
Epoch [2/5] | Batch [12850/15425] | Loss: 0.1707
Epoch [2/5] | Batch [12860/15425] | Loss: 0.1486
Epoch [2/5] | Batch [12870/15425] | Loss: 0.1688
Epoch [2/5] | Batch [12880/15425] | Loss: 0.1365
Epoch [2/5] | Batch [12890/15425] | Loss: 0.1416
Epoch [2/5] | Batch [12900/15425] | Loss: 0.1290
Epoch [2/5] | Batch [12910/15425] | Loss: 0.2022
Epoch [2/5] | Batch [12920/15425] | Loss: 0.1769
Epoch [2/5] | Batch [12930/15425] | Loss: 0.1552
Epoch [2/5] | Batch [12940/15425] | Loss: 0.1855
Epoch [2/5] | Batch [12950/15425] | Loss: 0.1875
Epoch [2/5] | Batch [12960/15425] | Loss: 0.1746
Epoch [2/5] | Batch [12970/15425] | Loss: 0.1704
Epoch [2/5] | Batch [12980/15425] | Loss: 0.1745
Epoch [2/5] | Batch [12990/15425] | Loss: 0.2184
Epoch [2/5] | Batch [13000/15425] | Loss: 0.1609
Epoch [2/5] | Batch [13010/15425] | Loss: 0.2045
Epoch [2/5] | Batch [13020/15425] | Loss: 0.1576
Epoch [2/5] | Batch [13030/15425] | Loss: 0.1593
Epoch [2/5] | Batch [13040/15425] | Loss: 0.1891
Epoch [2/5] | Batch [13050/15425] | Loss: 0.1365
Epoch [2/5] | Batch [13060/15425] | Loss: 0.1713
Epoch [2/5] | Batch [13070/15425] | Loss: 0.1574
  [VAL @ step 28500] val_loss=0.1664 | best=0.1634
  [CHECKPOINT] Saved at vla_checkpoints/lora_epoch_2_step_28500
Epoch [2/5] | Batch [13080/15425] | Loss: 0.1487
Epoch [2/5] | Batch [13090/15425] | Loss: 0.1510
Epoch [2/5] | Batch [13100/15425] | Loss: 0.1402
Epoch [2/5] | Batch [13110/15425] | Loss: 0.1656
Epoch [2/5] | Batch [13120/15425] | Loss: 0.1851
Epoch [2/5] | Batch [13130/15425] | Loss: 0.1660
Epoch [2/5] | Batch [13140/15425] | Loss: 0.1451
Epoch [2/5] | Batch [13150/15425] | Loss: 0.1692
Epoch [2/5] | Batch [13160/15425] | Loss: 0.1647
Epoch [2/5] | Batch [13170/15425] | Loss: 0.1581
Epoch [2/5] | Batch [13180/15425] | Loss: 0.1666
Epoch [2/5] | Batch [13190/15425] | Loss: 0.1818
Epoch [2/5] | Batch [13200/15425] | Loss: 0.1470
Epoch [2/5] | Batch [13210/15425] | Loss: 0.1347
Epoch [2/5] | Batch [13220/15425] | Loss: 0.1534
Epoch [2/5] | Batch [13230/15425] | Loss: 0.1505
Epoch [2/5] | Batch [13240/15425] | Loss: 0.1845
Epoch [2/5] | Batch [13250/15425] | Loss: 0.1710
Epoch [2/5] | Batch [13260/15425] | Loss: 0.1451
Epoch [2/5] | Batch [13270/15425] | Loss: 0.1634
Epoch [2/5] | Batch [13280/15425] | Loss: 0.1713
Epoch [2/5] | Batch [13290/15425] | Loss: 0.1673
Epoch [2/5] | Batch [13300/15425] | Loss: 0.1556
Epoch [2/5] | Batch [13310/15425] | Loss: 0.1823
Epoch [2/5] | Batch [13320/15425] | Loss: 0.1449
Epoch [2/5] | Batch [13330/15425] | Loss: 0.1994
Epoch [2/5] | Batch [13340/15425] | Loss: 0.1351
Epoch [2/5] | Batch [13350/15425] | Loss: 0.1773
Epoch [2/5] | Batch [13360/15425] | Loss: 0.2493
Epoch [2/5] | Batch [13370/15425] | Loss: 0.1442
Epoch [2/5] | Batch [13380/15425] | Loss: 0.1617
Epoch [2/5] | Batch [13390/15425] | Loss: 0.1785
Epoch [2/5] | Batch [13400/15425] | Loss: 0.2200
Epoch [2/5] | Batch [13410/15425] | Loss: 0.1776
Epoch [2/5] | Batch [13420/15425] | Loss: 0.1665
Epoch [2/5] | Batch [13430/15425] | Loss: 0.1560
Epoch [2/5] | Batch [13440/15425] | Loss: 0.1534
Epoch [2/5] | Batch [13450/15425] | Loss: 0.1686
Epoch [2/5] | Batch [13460/15425] | Loss: 0.1754
Epoch [2/5] | Batch [13470/15425] | Loss: 0.1631
Epoch [2/5] | Batch [13480/15425] | Loss: 0.1700
Epoch [2/5] | Batch [13490/15425] | Loss: 0.1446
Epoch [2/5] | Batch [13500/15425] | Loss: 0.1623
Epoch [2/5] | Batch [13510/15425] | Loss: 0.1597
Epoch [2/5] | Batch [13520/15425] | Loss: 0.2032
Epoch [2/5] | Batch [13530/15425] | Loss: 0.1605
Epoch [2/5] | Batch [13540/15425] | Loss: 0.1365
Epoch [2/5] | Batch [13550/15425] | Loss: 0.1376
Epoch [2/5] | Batch [13560/15425] | Loss: 0.1770
Epoch [2/5] | Batch [13570/15425] | Loss: 0.1897
  [VAL @ step 29000] val_loss=0.1632 | best=0.1634
  [BEST] New best model saved to vla_checkpoints/lora_best
  [CHECKPOINT] Saved at vla_checkpoints/lora_epoch_2_step_29000
Epoch [2/5] | Batch [13580/15425] | Loss: 0.1682
Epoch [2/5] | Batch [13590/15425] | Loss: 0.1559
Epoch [2/5] | Batch [13600/15425] | Loss: 0.1440
Epoch [2/5] | Batch [13610/15425] | Loss: 0.1607
Epoch [2/5] | Batch [13620/15425] | Loss: 0.1935
Epoch [2/5] | Batch [13630/15425] | Loss: 0.1653
Epoch [2/5] | Batch [13640/15425] | Loss: 0.1693
Epoch [2/5] | Batch [13650/15425] | Loss: 0.1596
Epoch [2/5] | Batch [13660/15425] | Loss: 0.1752
Epoch [2/5] | Batch [13670/15425] | Loss: 0.1634
Epoch [2/5] | Batch [13680/15425] | Loss: 0.2075
Epoch [2/5] | Batch [13690/15425] | Loss: 0.1856
Epoch [2/5] | Batch [13700/15425] | Loss: 0.1714
Epoch [2/5] | Batch [13710/15425] | Loss: 0.1573
Epoch [2/5] | Batch [13720/15425] | Loss: 0.1693
Epoch [2/5] | Batch [13730/15425] | Loss: 0.1794
Epoch [2/5] | Batch [13740/15425] | Loss: 0.1993
Epoch [2/5] | Batch [13750/15425] | Loss: 0.1492
Epoch [2/5] | Batch [13760/15425] | Loss: 0.1772
Epoch [2/5] | Batch [13770/15425] | Loss: 0.1373
Epoch [2/5] | Batch [13780/15425] | Loss: 0.1885
Epoch [2/5] | Batch [13790/15425] | Loss: 0.1624
Epoch [2/5] | Batch [13800/15425] | Loss: 0.1882
Epoch [2/5] | Batch [13810/15425] | Loss: 0.1751
Epoch [2/5] | Batch [13820/15425] | Loss: 0.1568
Epoch [2/5] | Batch [13830/15425] | Loss: 0.1610
Epoch [2/5] | Batch [13840/15425] | Loss: 0.1989
Epoch [2/5] | Batch [13850/15425] | Loss: 0.1561
Epoch [2/5] | Batch [13860/15425] | Loss: 0.1961
Epoch [2/5] | Batch [13870/15425] | Loss: 0.1714
Epoch [2/5] | Batch [13880/15425] | Loss: 0.1705
Epoch [2/5] | Batch [13890/15425] | Loss: 0.1347
Epoch [2/5] | Batch [13900/15425] | Loss: 0.1521
Epoch [2/5] | Batch [13910/15425] | Loss: 0.2121
Epoch [2/5] | Batch [13920/15425] | Loss: 0.1734
Epoch [2/5] | Batch [13930/15425] | Loss: 0.1790
Epoch [2/5] | Batch [13940/15425] | Loss: 0.1831
Epoch [2/5] | Batch [13950/15425] | Loss: 0.1669
Epoch [2/5] | Batch [13960/15425] | Loss: 0.1608
Epoch [2/5] | Batch [13970/15425] | Loss: 0.1438
Epoch [2/5] | Batch [13980/15425] | Loss: 0.1587
Epoch [2/5] | Batch [13990/15425] | Loss: 0.1816
Epoch [2/5] | Batch [14000/15425] | Loss: 0.1503
Epoch [2/5] | Batch [14010/15425] | Loss: 0.2009
Epoch [2/5] | Batch [14020/15425] | Loss: 0.1516
Epoch [2/5] | Batch [14030/15425] | Loss: 0.1694
Epoch [2/5] | Batch [14040/15425] | Loss: 0.1396
Epoch [2/5] | Batch [14050/15425] | Loss: 0.1725
Epoch [2/5] | Batch [14060/15425] | Loss: 0.1570
Epoch [2/5] | Batch [14070/15425] | Loss: 0.1733
  [VAL @ step 29500] val_loss=0.1741 | best=0.1632
  [CHECKPOINT] Saved at vla_checkpoints/lora_epoch_2_step_29500
Epoch [2/5] | Batch [14080/15425] | Loss: 0.1461
Epoch [2/5] | Batch [14090/15425] | Loss: 0.1521
Epoch [2/5] | Batch [14100/15425] | Loss: 0.1559
Epoch [2/5] | Batch [14110/15425] | Loss: 0.1908
Epoch [2/5] | Batch [14120/15425] | Loss: 0.1514
Epoch [2/5] | Batch [14130/15425] | Loss: 0.1968
Epoch [2/5] | Batch [14140/15425] | Loss: 0.1591
Epoch [2/5] | Batch [14150/15425] | Loss: 0.1792
Epoch [2/5] | Batch [14160/15425] | Loss: 0.1397
Epoch [2/5] | Batch [14170/15425] | Loss: 0.1402
Epoch [2/5] | Batch [14180/15425] | Loss: 0.1427
Epoch [2/5] | Batch [14190/15425] | Loss: 0.2159
Epoch [2/5] | Batch [14200/15425] | Loss: 0.1563
Epoch [2/5] | Batch [14210/15425] | Loss: 0.1741
Epoch [2/5] | Batch [14220/15425] | Loss: 0.1848
Epoch [2/5] | Batch [14230/15425] | Loss: 0.1926
Epoch [2/5] | Batch [14240/15425] | Loss: 0.1659
Epoch [2/5] | Batch [14250/15425] | Loss: 0.1537
Epoch [2/5] | Batch [14260/15425] | Loss: 0.1457
Epoch [2/5] | Batch [14270/15425] | Loss: 0.2058
Epoch [2/5] | Batch [14280/15425] | Loss: 0.1711
Epoch [2/5] | Batch [14290/15425] | Loss: 0.1382
Epoch [2/5] | Batch [14300/15425] | Loss: 0.1529
Epoch [2/5] | Batch [14310/15425] | Loss: 0.2489
Epoch [2/5] | Batch [14320/15425] | Loss: 0.1854
Epoch [2/5] | Batch [14330/15425] | Loss: 0.1839
Epoch [2/5] | Batch [14340/15425] | Loss: 0.1689
Epoch [2/5] | Batch [14350/15425] | Loss: 0.1600
Epoch [2/5] | Batch [14360/15425] | Loss: 0.1571
Epoch [2/5] | Batch [14370/15425] | Loss: 0.1929
Epoch [2/5] | Batch [14380/15425] | Loss: 0.1678
Epoch [2/5] | Batch [14390/15425] | Loss: 0.1705
Epoch [2/5] | Batch [14400/15425] | Loss: 0.1938
Epoch [2/5] | Batch [14410/15425] | Loss: 0.1831
Epoch [2/5] | Batch [14420/15425] | Loss: 0.1487
Epoch [2/5] | Batch [14430/15425] | Loss: 0.1682
Epoch [2/5] | Batch [14440/15425] | Loss: 0.1430
Epoch [2/5] | Batch [14450/15425] | Loss: 0.1714
Epoch [2/5] | Batch [14460/15425] | Loss: 0.1472
Epoch [2/5] | Batch [14470/15425] | Loss: 0.1904
Epoch [2/5] | Batch [14480/15425] | Loss: 0.1841
Epoch [2/5] | Batch [14490/15425] | Loss: 0.1301
Epoch [2/5] | Batch [14500/15425] | Loss: 0.1836
Epoch [2/5] | Batch [14510/15425] | Loss: 0.1676
Epoch [2/5] | Batch [14520/15425] | Loss: 0.1710
Epoch [2/5] | Batch [14530/15425] | Loss: 0.1805
Epoch [2/5] | Batch [14540/15425] | Loss: 0.1728
Epoch [2/5] | Batch [14550/15425] | Loss: 0.1447
Epoch [2/5] | Batch [14560/15425] | Loss: 0.1659
Epoch [2/5] | Batch [14570/15425] | Loss: 0.1354
  [VAL @ step 30000] val_loss=0.1643 | best=0.1632
  [CHECKPOINT] Saved at vla_checkpoints/lora_epoch_2_step_30000
Epoch [2/5] | Batch [14580/15425] | Loss: 0.1897
Epoch [2/5] | Batch [14590/15425] | Loss: 0.1524
Epoch [2/5] | Batch [14600/15425] | Loss: 0.1327
Epoch [2/5] | Batch [14610/15425] | Loss: 0.1597
Epoch [2/5] | Batch [14620/15425] | Loss: 0.1615
Epoch [2/5] | Batch [14630/15425] | Loss: 0.1864
Epoch [2/5] | Batch [14640/15425] | Loss: 0.1736
Epoch [2/5] | Batch [14650/15425] | Loss: 0.1383
Epoch [2/5] | Batch [14660/15425] | Loss: 0.1685
Epoch [2/5] | Batch [14670/15425] | Loss: 0.1494
Epoch [2/5] | Batch [14680/15425] | Loss: 0.1627
Epoch [2/5] | Batch [14690/15425] | Loss: 0.1523
Epoch [2/5] | Batch [14700/15425] | Loss: 0.1795
Epoch [2/5] | Batch [14710/15425] | Loss: 0.1660
Epoch [2/5] | Batch [14720/15425] | Loss: 0.1439
Epoch [2/5] | Batch [14730/15425] | Loss: 0.1832
Epoch [2/5] | Batch [14740/15425] | Loss: 0.1696
Epoch [2/5] | Batch [14750/15425] | Loss: 0.1708
Epoch [2/5] | Batch [14760/15425] | Loss: 0.1997
Epoch [2/5] | Batch [14770/15425] | Loss: 0.1777
Epoch [2/5] | Batch [14780/15425] | Loss: 0.1663
Epoch [2/5] | Batch [14790/15425] | Loss: 0.1325
Epoch [2/5] | Batch [14800/15425] | Loss: 0.1200
Epoch [2/5] | Batch [14810/15425] | Loss: 0.1545
Epoch [2/5] | Batch [14820/15425] | Loss: 0.1626
Epoch [2/5] | Batch [14830/15425] | Loss: 0.1323
Epoch [2/5] | Batch [14840/15425] | Loss: 0.1360
Epoch [2/5] | Batch [14850/15425] | Loss: 0.1665
Epoch [2/5] | Batch [14860/15425] | Loss: 0.1162
Epoch [2/5] | Batch [14870/15425] | Loss: 0.1652
Epoch [2/5] | Batch [14880/15425] | Loss: 0.1743
Epoch [2/5] | Batch [14890/15425] | Loss: 0.1434
Epoch [2/5] | Batch [14900/15425] | Loss: 0.1884
Epoch [2/5] | Batch [14910/15425] | Loss: 0.2046
Epoch [2/5] | Batch [14920/15425] | Loss: 0.1500
Epoch [2/5] | Batch [14930/15425] | Loss: 0.1651
Epoch [2/5] | Batch [14940/15425] | Loss: 0.1693
Epoch [2/5] | Batch [14950/15425] | Loss: 0.1694
Epoch [2/5] | Batch [14960/15425] | Loss: 0.1524
Epoch [2/5] | Batch [14970/15425] | Loss: 0.1681
Epoch [2/5] | Batch [14980/15425] | Loss: 0.1682
Epoch [2/5] | Batch [14990/15425] | Loss: 0.1942
Epoch [2/5] | Batch [15000/15425] | Loss: 0.1680
Epoch [2/5] | Batch [15010/15425] | Loss: 0.1622
Epoch [2/5] | Batch [15020/15425] | Loss: 0.1770
Epoch [2/5] | Batch [15030/15425] | Loss: 0.1300
Epoch [2/5] | Batch [15040/15425] | Loss: 0.1710
Epoch [2/5] | Batch [15050/15425] | Loss: 0.2050
Epoch [2/5] | Batch [15060/15425] | Loss: 0.1596
Epoch [2/5] | Batch [15070/15425] | Loss: 0.1881
  [VAL @ step 30500] val_loss=0.1633 | best=0.1632
  [CHECKPOINT] Saved at vla_checkpoints/lora_epoch_2_step_30500
Epoch [2/5] | Batch [15080/15425] | Loss: 0.1716
Epoch [2/5] | Batch [15090/15425] | Loss: 0.1840
Epoch [2/5] | Batch [15100/15425] | Loss: 0.1729
Epoch [2/5] | Batch [15110/15425] | Loss: 0.1628
Epoch [2/5] | Batch [15120/15425] | Loss: 0.1658
Epoch [2/5] | Batch [15130/15425] | Loss: 0.1497
Epoch [2/5] | Batch [15140/15425] | Loss: 0.1612
Epoch [2/5] | Batch [15150/15425] | Loss: 0.1357
Epoch [2/5] | Batch [15160/15425] | Loss: 0.1865
Epoch [2/5] | Batch [15170/15425] | Loss: 0.2232
Epoch [2/5] | Batch [15180/15425] | Loss: 0.1802
Epoch [2/5] | Batch [15190/15425] | Loss: 0.1744
Epoch [2/5] | Batch [15200/15425] | Loss: 0.1713
Epoch [2/5] | Batch [15210/15425] | Loss: 0.1603
Epoch [2/5] | Batch [15220/15425] | Loss: 0.2128
Epoch [2/5] | Batch [15230/15425] | Loss: 0.1341
Epoch [2/5] | Batch [15240/15425] | Loss: 0.2360
Epoch [2/5] | Batch [15250/15425] | Loss: 0.1901
Epoch [2/5] | Batch [15260/15425] | Loss: 0.1930
Epoch [2/5] | Batch [15270/15425] | Loss: 0.1957
Epoch [2/5] | Batch [15280/15425] | Loss: 0.1672
Epoch [2/5] | Batch [15290/15425] | Loss: 0.1280
Epoch [2/5] | Batch [15300/15425] | Loss: 0.1773
Epoch [2/5] | Batch [15310/15425] | Loss: 0.1583
Epoch [2/5] | Batch [15320/15425] | Loss: 0.1392
Epoch [2/5] | Batch [15330/15425] | Loss: 0.1485
Epoch [2/5] | Batch [15340/15425] | Loss: 0.2106
Epoch [2/5] | Batch [15350/15425] | Loss: 0.1725
Epoch [2/5] | Batch [15360/15425] | Loss: 0.1619
Epoch [2/5] | Batch [15370/15425] | Loss: 0.1539
Epoch [2/5] | Batch [15380/15425] | Loss: 0.1737
Epoch [2/5] | Batch [15390/15425] | Loss: 0.1413
Epoch [2/5] | Batch [15400/15425] | Loss: 0.1404
Epoch [2/5] | Batch [15410/15425] | Loss: 0.1687
Epoch [2/5] | Batch [15420/15425] | Loss: 0.1542
--- Epoch 2 Complete | Average Loss: 0.1712 ---
Epoch [3/5] | Batch [0/15425] | Loss: 0.1507
Epoch [3/5] | Batch [10/15425] | Loss: 0.1630
Epoch [3/5] | Batch [20/15425] | Loss: 0.1671
Epoch [3/5] | Batch [30/15425] | Loss: 0.2281
Epoch [3/5] | Batch [40/15425] | Loss: 0.1738
Epoch [3/5] | Batch [50/15425] | Loss: 0.1388
Epoch [3/5] | Batch [60/15425] | Loss: 0.1463
Epoch [3/5] | Batch [70/15425] | Loss: 0.1291
Epoch [3/5] | Batch [80/15425] | Loss: 0.1677
Epoch [3/5] | Batch [90/15425] | Loss: 0.1792
Epoch [3/5] | Batch [100/15425] | Loss: 0.2091
Epoch [3/5] | Batch [110/15425] | Loss: 0.1830
Epoch [3/5] | Batch [120/15425] | Loss: 0.1586
Epoch [3/5] | Batch [130/15425] | Loss: 0.1265
Epoch [3/5] | Batch [140/15425] | Loss: 0.1691
  [VAL @ step 31000] val_loss=0.1745 | best=0.1632
  [CHECKPOINT] Saved at vla_checkpoints/lora_epoch_3_step_31000
Epoch [3/5] | Batch [150/15425] | Loss: 0.1461
Epoch [3/5] | Batch [160/15425] | Loss: 0.1667
Epoch [3/5] | Batch [170/15425] | Loss: 0.1859
Epoch [3/5] | Batch [180/15425] | Loss: 0.1807
Epoch [3/5] | Batch [190/15425] | Loss: 0.1482
Epoch [3/5] | Batch [200/15425] | Loss: 0.1251
Epoch [3/5] | Batch [210/15425] | Loss: 0.1688
Epoch [3/5] | Batch [220/15425] | Loss: 0.1383
Epoch [3/5] | Batch [230/15425] | Loss: 0.1294
Epoch [3/5] | Batch [240/15425] | Loss: 0.1882
Epoch [3/5] | Batch [250/15425] | Loss: 0.1698
Epoch [3/5] | Batch [260/15425] | Loss: 0.1463
Epoch [3/5] | Batch [270/15425] | Loss: 0.1808
Epoch [3/5] | Batch [280/15425] | Loss: 0.1461
Epoch [3/5] | Batch [290/15425] | Loss: 0.1222
Epoch [3/5] | Batch [300/15425] | Loss: 0.1307
Epoch [3/5] | Batch [310/15425] | Loss: 0.1583
Epoch [3/5] | Batch [320/15425] | Loss: 0.2059
Epoch [3/5] | Batch [330/15425] | Loss: 0.1630
Epoch [3/5] | Batch [340/15425] | Loss: 0.1919
Epoch [3/5] | Batch [350/15425] | Loss: 0.1982
Epoch [3/5] | Batch [360/15425] | Loss: 0.1785
Epoch [3/5] | Batch [370/15425] | Loss: 0.1223
Epoch [3/5] | Batch [380/15425] | Loss: 0.1840
Epoch [3/5] | Batch [390/15425] | Loss: 0.1710
Epoch [3/5] | Batch [400/15425] | Loss: 0.1889
Epoch [3/5] | Batch [410/15425] | Loss: 0.2087
Epoch [3/5] | Batch [420/15425] | Loss: 0.1505
Epoch [3/5] | Batch [430/15425] | Loss: 0.1636
Epoch [3/5] | Batch [440/15425] | Loss: 0.1603
Epoch [3/5] | Batch [450/15425] | Loss: 0.1937
Epoch [3/5] | Batch [460/15425] | Loss: 0.1337
Epoch [3/5] | Batch [470/15425] | Loss: 0.1751
Epoch [3/5] | Batch [480/15425] | Loss: 0.1333
Epoch [3/5] | Batch [490/15425] | Loss: 0.1748
Epoch [3/5] | Batch [500/15425] | Loss: 0.1544
Epoch [3/5] | Batch [510/15425] | Loss: 0.1986
Epoch [3/5] | Batch [520/15425] | Loss: 0.1691
Epoch [3/5] | Batch [530/15425] | Loss: 0.1457
Epoch [3/5] | Batch [540/15425] | Loss: 0.1514
Epoch [3/5] | Batch [550/15425] | Loss: 0.1572
Epoch [3/5] | Batch [560/15425] | Loss: 0.2166
Epoch [3/5] | Batch [570/15425] | Loss: 0.1259
Epoch [3/5] | Batch [580/15425] | Loss: 0.1352
Epoch [3/5] | Batch [590/15425] | Loss: 0.1749
Epoch [3/5] | Batch [600/15425] | Loss: 0.1499
Epoch [3/5] | Batch [610/15425] | Loss: 0.1652
Epoch [3/5] | Batch [620/15425] | Loss: 0.2105
Epoch [3/5] | Batch [630/15425] | Loss: 0.1612
Epoch [3/5] | Batch [640/15425] | Loss: 0.1515
  [VAL @ step 31500] val_loss=0.1662 | best=0.1632
  [CHECKPOINT] Saved at vla_checkpoints/lora_epoch_3_step_31500
Epoch [3/5] | Batch [650/15425] | Loss: 0.1790
Epoch [3/5] | Batch [660/15425] | Loss: 0.1470
Epoch [3/5] | Batch [670/15425] | Loss: 0.1428
Epoch [3/5] | Batch [680/15425] | Loss: 0.1424
Epoch [3/5] | Batch [690/15425] | Loss: 0.1551
Epoch [3/5] | Batch [700/15425] | Loss: 0.1612
Epoch [3/5] | Batch [710/15425] | Loss: 0.1634
Epoch [3/5] | Batch [720/15425] | Loss: 0.1784
Epoch [3/5] | Batch [730/15425] | Loss: 0.1601
Epoch [3/5] | Batch [740/15425] | Loss: 0.2046
Epoch [3/5] | Batch [750/15425] | Loss: 0.1544
Epoch [3/5] | Batch [760/15425] | Loss: 0.1938
Epoch [3/5] | Batch [770/15425] | Loss: 0.1425
Epoch [3/5] | Batch [780/15425] | Loss: 0.1533
Epoch [3/5] | Batch [790/15425] | Loss: 0.1941
Epoch [3/5] | Batch [800/15425] | Loss: 0.1905
Epoch [3/5] | Batch [810/15425] | Loss: 0.1864
Epoch [3/5] | Batch [820/15425] | Loss: 0.1413
Epoch [3/5] | Batch [830/15425] | Loss: 0.1458
Epoch [3/5] | Batch [840/15425] | Loss: 0.1728
Epoch [3/5] | Batch [850/15425] | Loss: 0.1698
Epoch [3/5] | Batch [860/15425] | Loss: 0.1648
Epoch [3/5] | Batch [870/15425] | Loss: 0.1460
Epoch [3/5] | Batch [880/15425] | Loss: 0.1831
Epoch [3/5] | Batch [890/15425] | Loss: 0.2208
Epoch [3/5] | Batch [900/15425] | Loss: 0.1755
Epoch [3/5] | Batch [910/15425] | Loss: 0.1788
Epoch [3/5] | Batch [920/15425] | Loss: 0.1752
Epoch [3/5] | Batch [930/15425] | Loss: 0.1544
Epoch [3/5] | Batch [940/15425] | Loss: 0.1796
Epoch [3/5] | Batch [950/15425] | Loss: 0.1928
Epoch [3/5] | Batch [960/15425] | Loss: 0.1826
Epoch [3/5] | Batch [970/15425] | Loss: 0.1892
Epoch [3/5] | Batch [980/15425] | Loss: 0.1734
Epoch [3/5] | Batch [990/15425] | Loss: 0.1764
Epoch [3/5] | Batch [1000/15425] | Loss: 0.1390
Epoch [3/5] | Batch [1010/15425] | Loss: 0.1241
Epoch [3/5] | Batch [1020/15425] | Loss: 0.1950
Epoch [3/5] | Batch [1030/15425] | Loss: 0.1601
Epoch [3/5] | Batch [1040/15425] | Loss: 0.1587
Epoch [3/5] | Batch [1050/15425] | Loss: 0.1538
Epoch [3/5] | Batch [1060/15425] | Loss: 0.1696
Epoch [3/5] | Batch [1070/15425] | Loss: 0.1565
Epoch [3/5] | Batch [1080/15425] | Loss: 0.1792
Epoch [3/5] | Batch [1090/15425] | Loss: 0.1311
Epoch [3/5] | Batch [1100/15425] | Loss: 0.2106
Epoch [3/5] | Batch [1110/15425] | Loss: 0.1603
Epoch [3/5] | Batch [1120/15425] | Loss: 0.1581
Epoch [3/5] | Batch [1130/15425] | Loss: 0.1694
Epoch [3/5] | Batch [1140/15425] | Loss: 0.1742
  [VAL @ step 32000] val_loss=0.1625 | best=0.1632
  [BEST] New best model saved to vla_checkpoints/lora_best
  [CHECKPOINT] Saved at vla_checkpoints/lora_epoch_3_step_32000
Epoch [3/5] | Batch [1150/15425] | Loss: 0.1571
Epoch [3/5] | Batch [1160/15425] | Loss: 0.1801
Epoch [3/5] | Batch [1170/15425] | Loss: 0.1274
Epoch [3/5] | Batch [1180/15425] | Loss: 0.1517
Epoch [3/5] | Batch [1190/15425] | Loss: 0.1259
Epoch [3/5] | Batch [1200/15425] | Loss: 0.1509
Epoch [3/5] | Batch [1210/15425] | Loss: 0.1621
Epoch [3/5] | Batch [1220/15425] | Loss: 0.1734
Epoch [3/5] | Batch [1230/15425] | Loss: 0.1679
Epoch [3/5] | Batch [1240/15425] | Loss: 0.1709
Epoch [3/5] | Batch [1250/15425] | Loss: 0.1535
Epoch [3/5] | Batch [1260/15425] | Loss: 0.1608
Epoch [3/5] | Batch [1270/15425] | Loss: 0.2261
Epoch [3/5] | Batch [1280/15425] | Loss: 0.1371
Epoch [3/5] | Batch [1290/15425] | Loss: 0.1687
Epoch [3/5] | Batch [1300/15425] | Loss: 0.1854
Epoch [3/5] | Batch [1310/15425] | Loss: 0.1578
Epoch [3/5] | Batch [1320/15425] | Loss: 0.1743
Epoch [3/5] | Batch [1330/15425] | Loss: 0.1576
Epoch [3/5] | Batch [1340/15425] | Loss: 0.1622
Epoch [3/5] | Batch [1350/15425] | Loss: 0.1420
Epoch [3/5] | Batch [1360/15425] | Loss: 0.1877
Epoch [3/5] | Batch [1370/15425] | Loss: 0.1560
Epoch [3/5] | Batch [1380/15425] | Loss: 0.1468
Epoch [3/5] | Batch [1390/15425] | Loss: 0.1916
Epoch [3/5] | Batch [1400/15425] | Loss: 0.1607
Epoch [3/5] | Batch [1410/15425] | Loss: 0.1247
Epoch [3/5] | Batch [1420/15425] | Loss: 0.1666
Epoch [3/5] | Batch [1430/15425] | Loss: 0.1640
Epoch [3/5] | Batch [1440/15425] | Loss: 0.1289
Epoch [3/5] | Batch [1450/15425] | Loss: 0.1478
Epoch [3/5] | Batch [1460/15425] | Loss: 0.1846
Epoch [3/5] | Batch [1470/15425] | Loss: 0.1840
Epoch [3/5] | Batch [1480/15425] | Loss: 0.1968
Epoch [3/5] | Batch [1490/15425] | Loss: 0.1394
Epoch [3/5] | Batch [1500/15425] | Loss: 0.1882
Epoch [3/5] | Batch [1510/15425] | Loss: 0.1834
Epoch [3/5] | Batch [1520/15425] | Loss: 0.3032
Epoch [3/5] | Batch [1530/15425] | Loss: 0.1748
Epoch [3/5] | Batch [1540/15425] | Loss: 0.1612
Epoch [3/5] | Batch [1550/15425] | Loss: 0.2024
Epoch [3/5] | Batch [1560/15425] | Loss: 0.1414
Epoch [3/5] | Batch [1570/15425] | Loss: 0.1777
Epoch [3/5] | Batch [1580/15425] | Loss: 0.1723
Epoch [3/5] | Batch [1590/15425] | Loss: 0.1722
Epoch [3/5] | Batch [1600/15425] | Loss: 0.1753
Epoch [3/5] | Batch [1610/15425] | Loss: 0.1705
Epoch [3/5] | Batch [1620/15425] | Loss: 0.1422
Epoch [3/5] | Batch [1630/15425] | Loss: 0.1550
Epoch [3/5] | Batch [1640/15425] | Loss: 0.1775
  [VAL @ step 32500] val_loss=0.1653 | best=0.1625
  [CHECKPOINT] Saved at vla_checkpoints/lora_epoch_3_step_32500
Epoch [3/5] | Batch [1650/15425] | Loss: 0.2221
Epoch [3/5] | Batch [1660/15425] | Loss: 0.1521
Epoch [3/5] | Batch [1670/15425] | Loss: 0.1643
Epoch [3/5] | Batch [1680/15425] | Loss: 0.1393
Epoch [3/5] | Batch [1690/15425] | Loss: 0.1275
Epoch [3/5] | Batch [1700/15425] | Loss: 0.1596
Epoch [3/5] | Batch [1710/15425] | Loss: 0.1370
Epoch [3/5] | Batch [1720/15425] | Loss: 0.1427
Epoch [3/5] | Batch [1730/15425] | Loss: 0.2294
Epoch [3/5] | Batch [1740/15425] | Loss: 0.1541
Epoch [3/5] | Batch [1750/15425] | Loss: 0.1510
Epoch [3/5] | Batch [1760/15425] | Loss: 0.1612
Epoch [3/5] | Batch [1770/15425] | Loss: 0.1750
Epoch [3/5] | Batch [1780/15425] | Loss: 0.1506
Epoch [3/5] | Batch [1790/15425] | Loss: 0.1739
Epoch [3/5] | Batch [1800/15425] | Loss: 0.1247
Epoch [3/5] | Batch [1810/15425] | Loss: 0.1705
Epoch [3/5] | Batch [1820/15425] | Loss: 0.1839
Epoch [3/5] | Batch [1830/15425] | Loss: 0.1655
Epoch [3/5] | Batch [1840/15425] | Loss: 0.1587
Epoch [3/5] | Batch [1850/15425] | Loss: 0.1562
Epoch [3/5] | Batch [1860/15425] | Loss: 0.1672
Epoch [3/5] | Batch [1870/15425] | Loss: 0.1764
Epoch [3/5] | Batch [1880/15425] | Loss: 0.1848
Epoch [3/5] | Batch [1890/15425] | Loss: 0.1402
Epoch [3/5] | Batch [1900/15425] | Loss: 0.1467
Epoch [3/5] | Batch [1910/15425] | Loss: 0.1356
Epoch [3/5] | Batch [1920/15425] | Loss: 0.1751
Epoch [3/5] | Batch [1930/15425] | Loss: 0.1568
Epoch [3/5] | Batch [1940/15425] | Loss: 0.1565
Epoch [3/5] | Batch [1950/15425] | Loss: 0.1762
Epoch [3/5] | Batch [1960/15425] | Loss: 0.1654
Epoch [3/5] | Batch [1970/15425] | Loss: 0.1374
Epoch [3/5] | Batch [1980/15425] | Loss: 0.1840
Epoch [3/5] | Batch [1990/15425] | Loss: 0.1507
Epoch [3/5] | Batch [2000/15425] | Loss: 0.1532
Epoch [3/5] | Batch [2010/15425] | Loss: 0.2044
Epoch [3/5] | Batch [2020/15425] | Loss: 0.1514
Epoch [3/5] | Batch [2030/15425] | Loss: 0.1656
Epoch [3/5] | Batch [2040/15425] | Loss: 0.1612
Epoch [3/5] | Batch [2050/15425] | Loss: 0.1413
Epoch [3/5] | Batch [2060/15425] | Loss: 0.1813
Epoch [3/5] | Batch [2070/15425] | Loss: 0.2233
Epoch [3/5] | Batch [2080/15425] | Loss: 0.1549
Epoch [3/5] | Batch [2090/15425] | Loss: 0.1955
Epoch [3/5] | Batch [2100/15425] | Loss: 0.1657
Epoch [3/5] | Batch [2110/15425] | Loss: 0.1639
Epoch [3/5] | Batch [2120/15425] | Loss: 0.1649
Epoch [3/5] | Batch [2130/15425] | Loss: 0.1597
Epoch [3/5] | Batch [2140/15425] | Loss: 0.1594
  [VAL @ step 33000] val_loss=0.1694 | best=0.1625
  [CHECKPOINT] Saved at vla_checkpoints/lora_epoch_3_step_33000
Epoch [3/5] | Batch [2150/15425] | Loss: 0.1771
Epoch [3/5] | Batch [2160/15425] | Loss: 0.1584
Epoch [3/5] | Batch [2170/15425] | Loss: 0.1478
Epoch [3/5] | Batch [2180/15425] | Loss: 0.1581
Epoch [3/5] | Batch [2190/15425] | Loss: 0.1747
Epoch [3/5] | Batch [2200/15425] | Loss: 0.1858
Epoch [3/5] | Batch [2210/15425] | Loss: 0.1802
Epoch [3/5] | Batch [2220/15425] | Loss: 0.1456
Epoch [3/5] | Batch [2230/15425] | Loss: 0.1619
Epoch [3/5] | Batch [2240/15425] | Loss: 0.1653
Epoch [3/5] | Batch [2250/15425] | Loss: 0.1792
Epoch [3/5] | Batch [2260/15425] | Loss: 0.1344
Epoch [3/5] | Batch [2270/15425] | Loss: 0.1679
Epoch [3/5] | Batch [2280/15425] | Loss: 0.1497
Epoch [3/5] | Batch [2290/15425] | Loss: 0.1538
Epoch [3/5] | Batch [2300/15425] | Loss: 0.1471
Epoch [3/5] | Batch [2310/15425] | Loss: 0.2011
Epoch [3/5] | Batch [2320/15425] | Loss: 0.1832
Epoch [3/5] | Batch [2330/15425] | Loss: 0.2029
Epoch [3/5] | Batch [2340/15425] | Loss: 0.1697
Epoch [3/5] | Batch [2350/15425] | Loss: 0.1529
Epoch [3/5] | Batch [2360/15425] | Loss: 0.1990
Epoch [3/5] | Batch [2370/15425] | Loss: 0.1727
Epoch [3/5] | Batch [2380/15425] | Loss: 0.1586
Epoch [3/5] | Batch [2390/15425] | Loss: 0.1817
Epoch [3/5] | Batch [2400/15425] | Loss: 0.1734
Epoch [3/5] | Batch [2410/15425] | Loss: 0.1837
Epoch [3/5] | Batch [2420/15425] | Loss: 0.1902
Epoch [3/5] | Batch [2430/15425] | Loss: 0.1371
Epoch [3/5] | Batch [2440/15425] | Loss: 0.1499
Epoch [3/5] | Batch [2450/15425] | Loss: 0.1973
Epoch [3/5] | Batch [2460/15425] | Loss: 0.1677
Epoch [3/5] | Batch [2470/15425] | Loss: 0.1480
Epoch [3/5] | Batch [2480/15425] | Loss: 0.2095
Epoch [3/5] | Batch [2490/15425] | Loss: 0.1422
Epoch [3/5] | Batch [2500/15425] | Loss: 0.2006
Epoch [3/5] | Batch [2510/15425] | Loss: 0.1754
Epoch [3/5] | Batch [2520/15425] | Loss: 0.2265
Epoch [3/5] | Batch [2530/15425] | Loss: 0.1686
Epoch [3/5] | Batch [2540/15425] | Loss: 0.1536
Epoch [3/5] | Batch [2550/15425] | Loss: 0.1996
Epoch [3/5] | Batch [2560/15425] | Loss: 0.1520
Epoch [3/5] | Batch [2570/15425] | Loss: 0.1652
Epoch [3/5] | Batch [2580/15425] | Loss: 0.1583
Epoch [3/5] | Batch [2590/15425] | Loss: 0.1777
Epoch [3/5] | Batch [2600/15425] | Loss: 0.1706
Epoch [3/5] | Batch [2610/15425] | Loss: 0.1769
Epoch [3/5] | Batch [2620/15425] | Loss: 0.1600
Epoch [3/5] | Batch [2630/15425] | Loss: 0.2072
Epoch [3/5] | Batch [2640/15425] | Loss: 0.2096
  [VAL @ step 33500] val_loss=0.1723 | best=0.1625
  [CHECKPOINT] Saved at vla_checkpoints/lora_epoch_3_step_33500
Epoch [3/5] | Batch [2650/15425] | Loss: 0.1500
Epoch [3/5] | Batch [2660/15425] | Loss: 0.1778
Epoch [3/5] | Batch [2670/15425] | Loss: 0.1599
Epoch [3/5] | Batch [2680/15425] | Loss: 0.1744
Epoch [3/5] | Batch [2690/15425] | Loss: 0.1769
Epoch [3/5] | Batch [2700/15425] | Loss: 0.1753
Epoch [3/5] | Batch [2710/15425] | Loss: 0.1556
Epoch [3/5] | Batch [2720/15425] | Loss: 0.1700
Epoch [3/5] | Batch [2730/15425] | Loss: 0.1454
Epoch [3/5] | Batch [2740/15425] | Loss: 0.2020
Epoch [3/5] | Batch [2750/15425] | Loss: 0.1371
Epoch [3/5] | Batch [2760/15425] | Loss: 0.1696
Epoch [3/5] | Batch [2770/15425] | Loss: 0.1753
Epoch [3/5] | Batch [2780/15425] | Loss: 0.1644
Epoch [3/5] | Batch [2790/15425] | Loss: 0.1487
Epoch [3/5] | Batch [2800/15425] | Loss: 0.1716
Epoch [3/5] | Batch [2810/15425] | Loss: 0.1420
Epoch [3/5] | Batch [2820/15425] | Loss: 0.1658
Epoch [3/5] | Batch [2830/15425] | Loss: 0.1827
Epoch [3/5] | Batch [2840/15425] | Loss: 0.1542
Epoch [3/5] | Batch [2850/15425] | Loss: 0.1454
Epoch [3/5] | Batch [2860/15425] | Loss: 0.1546
Epoch [3/5] | Batch [2870/15425] | Loss: 0.1412
Epoch [3/5] | Batch [2880/15425] | Loss: 0.1607
Epoch [3/5] | Batch [2890/15425] | Loss: 0.1263
Epoch [3/5] | Batch [2900/15425] | Loss: 0.1585
Epoch [3/5] | Batch [2910/15425] | Loss: 0.1802
Epoch [3/5] | Batch [2920/15425] | Loss: 0.1485
Epoch [3/5] | Batch [2930/15425] | Loss: 0.1664
Epoch [3/5] | Batch [2940/15425] | Loss: 0.1942
Epoch [3/5] | Batch [2950/15425] | Loss: 0.1523
Epoch [3/5] | Batch [2960/15425] | Loss: 0.1553
Epoch [3/5] | Batch [2970/15425] | Loss: 0.1438
Epoch [3/5] | Batch [2980/15425] | Loss: 0.1824
Epoch [3/5] | Batch [2990/15425] | Loss: 0.2035
Epoch [3/5] | Batch [3000/15425] | Loss: 0.1605
Epoch [3/5] | Batch [3010/15425] | Loss: 0.1371
Epoch [3/5] | Batch [3020/15425] | Loss: 0.1294
Epoch [3/5] | Batch [3030/15425] | Loss: 0.1751
Epoch [3/5] | Batch [3040/15425] | Loss: 0.2134
Epoch [3/5] | Batch [3050/15425] | Loss: 0.1268
Epoch [3/5] | Batch [3060/15425] | Loss: 0.1604
Epoch [3/5] | Batch [3070/15425] | Loss: 0.2138
Epoch [3/5] | Batch [3080/15425] | Loss: 0.1910
Epoch [3/5] | Batch [3090/15425] | Loss: 0.1949
Epoch [3/5] | Batch [3100/15425] | Loss: 0.1608
Epoch [3/5] | Batch [3110/15425] | Loss: 0.1889
Epoch [3/5] | Batch [3120/15425] | Loss: 0.1285
Epoch [3/5] | Batch [3130/15425] | Loss: 0.1650
Epoch [3/5] | Batch [3140/15425] | Loss: 0.1558
  [VAL @ step 34000] val_loss=0.1653 | best=0.1625
  [CHECKPOINT] Saved at vla_checkpoints/lora_epoch_3_step_34000
Epoch [3/5] | Batch [3150/15425] | Loss: 0.1530
Epoch [3/5] | Batch [3160/15425] | Loss: 0.1509
Epoch [3/5] | Batch [3170/15425] | Loss: 0.1679
Epoch [3/5] | Batch [3180/15425] | Loss: 0.1789
Epoch [3/5] | Batch [3190/15425] | Loss: 0.1364
Epoch [3/5] | Batch [3200/15425] | Loss: 0.1759
Epoch [3/5] | Batch [3210/15425] | Loss: 0.1463
Epoch [3/5] | Batch [3220/15425] | Loss: 0.1707
Epoch [3/5] | Batch [3230/15425] | Loss: 0.1588
Epoch [3/5] | Batch [3240/15425] | Loss: 0.1611
Epoch [3/5] | Batch [3250/15425] | Loss: 0.1406
Epoch [3/5] | Batch [3260/15425] | Loss: 0.1614
Epoch [3/5] | Batch [3270/15425] | Loss: 0.1913
Epoch [3/5] | Batch [3280/15425] | Loss: 0.1554
Epoch [3/5] | Batch [3290/15425] | Loss: 0.1946
Epoch [3/5] | Batch [3300/15425] | Loss: 0.1322
Epoch [3/5] | Batch [3310/15425] | Loss: 0.1607
Epoch [3/5] | Batch [3320/15425] | Loss: 0.1552
Epoch [3/5] | Batch [3330/15425] | Loss: 0.1559
Epoch [3/5] | Batch [3340/15425] | Loss: 0.1975
Epoch [3/5] | Batch [3350/15425] | Loss: 0.1442
Epoch [3/5] | Batch [3360/15425] | Loss: 0.1686
Epoch [3/5] | Batch [3370/15425] | Loss: 0.2190
Epoch [3/5] | Batch [3380/15425] | Loss: 0.1904
Epoch [3/5] | Batch [3390/15425] | Loss: 0.1437
Epoch [3/5] | Batch [3400/15425] | Loss: 0.1483
Epoch [3/5] | Batch [3410/15425] | Loss: 0.1856
Epoch [3/5] | Batch [3420/15425] | Loss: 0.1157
Epoch [3/5] | Batch [3430/15425] | Loss: 0.1797
Epoch [3/5] | Batch [3440/15425] | Loss: 0.2006
Epoch [3/5] | Batch [3450/15425] | Loss: 0.1340
Epoch [3/5] | Batch [3460/15425] | Loss: 0.1678
Epoch [3/5] | Batch [3470/15425] | Loss: 0.1651
Epoch [3/5] | Batch [3480/15425] | Loss: 0.1505
Epoch [3/5] | Batch [3490/15425] | Loss: 0.1423
Epoch [3/5] | Batch [3500/15425] | Loss: 0.2507
Epoch [3/5] | Batch [3510/15425] | Loss: 0.1476
Epoch [3/5] | Batch [3520/15425] | Loss: 0.1727
Epoch [3/5] | Batch [3530/15425] | Loss: 0.1350
Epoch [3/5] | Batch [3540/15425] | Loss: 0.1991
Epoch [3/5] | Batch [3550/15425] | Loss: 0.1602
Epoch [3/5] | Batch [3560/15425] | Loss: 0.1833
Epoch [3/5] | Batch [3570/15425] | Loss: 0.1859
Epoch [3/5] | Batch [3580/15425] | Loss: 0.1601
Epoch [3/5] | Batch [3590/15425] | Loss: 0.1344
Epoch [3/5] | Batch [3600/15425] | Loss: 0.1646
Epoch [3/5] | Batch [3610/15425] | Loss: 0.1679
Epoch [3/5] | Batch [3620/15425] | Loss: 0.1625
Epoch [3/5] | Batch [3630/15425] | Loss: 0.1388
Epoch [3/5] | Batch [3640/15425] | Loss: 0.1774
  [VAL @ step 34500] val_loss=0.1765 | best=0.1625
  [CHECKPOINT] Saved at vla_checkpoints/lora_epoch_3_step_34500
Epoch [3/5] | Batch [3650/15425] | Loss: 0.1895
Epoch [3/5] | Batch [3660/15425] | Loss: 0.1867
Epoch [3/5] | Batch [3670/15425] | Loss: 0.1702
Epoch [3/5] | Batch [3680/15425] | Loss: 0.1291
Epoch [3/5] | Batch [3690/15425] | Loss: 0.2153
Epoch [3/5] | Batch [3700/15425] | Loss: 0.1485
Epoch [3/5] | Batch [3710/15425] | Loss: 0.1327
Epoch [3/5] | Batch [3720/15425] | Loss: 0.1616
Epoch [3/5] | Batch [3730/15425] | Loss: 0.1646
Epoch [3/5] | Batch [3740/15425] | Loss: 0.1637
Epoch [3/5] | Batch [3750/15425] | Loss: 0.1538
Epoch [3/5] | Batch [3760/15425] | Loss: 0.1830
Epoch [3/5] | Batch [3770/15425] | Loss: 0.1661
Epoch [3/5] | Batch [3780/15425] | Loss: 0.1750
Epoch [3/5] | Batch [3790/15425] | Loss: 0.1471
Epoch [3/5] | Batch [3800/15425] | Loss: 0.1540
Epoch [3/5] | Batch [3810/15425] | Loss: 0.1592
Epoch [3/5] | Batch [3820/15425] | Loss: 0.1799
Epoch [3/5] | Batch [3830/15425] | Loss: 0.1515
Epoch [3/5] | Batch [3840/15425] | Loss: 0.1652
Epoch [3/5] | Batch [3850/15425] | Loss: 0.1884
Epoch [3/5] | Batch [3860/15425] | Loss: 0.1739
Epoch [3/5] | Batch [3870/15425] | Loss: 0.1655
Epoch [3/5] | Batch [3880/15425] | Loss: 0.1818
Epoch [3/5] | Batch [3890/15425] | Loss: 0.1477
Epoch [3/5] | Batch [3900/15425] | Loss: 0.1756
Epoch [3/5] | Batch [3910/15425] | Loss: 0.2421
Epoch [3/5] | Batch [3920/15425] | Loss: 0.1685
Epoch [3/5] | Batch [3930/15425] | Loss: 0.2017
Epoch [3/5] | Batch [3940/15425] | Loss: 0.1946
Epoch [3/5] | Batch [3950/15425] | Loss: 0.1363
Epoch [3/5] | Batch [3960/15425] | Loss: 0.1784
Epoch [3/5] | Batch [3970/15425] | Loss: 0.1716
Epoch [3/5] | Batch [3980/15425] | Loss: 0.1618
Epoch [3/5] | Batch [3990/15425] | Loss: 0.1906
Epoch [3/5] | Batch [4000/15425] | Loss: 0.1849
Epoch [3/5] | Batch [4010/15425] | Loss: 0.1577
Epoch [3/5] | Batch [4020/15425] | Loss: 0.1836
Epoch [3/5] | Batch [4030/15425] | Loss: 0.2109
Epoch [3/5] | Batch [4040/15425] | Loss: 0.1664
Epoch [3/5] | Batch [4050/15425] | Loss: 0.1581
Epoch [3/5] | Batch [4060/15425] | Loss: 0.1309
Epoch [3/5] | Batch [4070/15425] | Loss: 0.1518
Epoch [3/5] | Batch [4080/15425] | Loss: 0.1818
Epoch [3/5] | Batch [4090/15425] | Loss: 0.1476
Epoch [3/5] | Batch [4100/15425] | Loss: 0.1736
Epoch [3/5] | Batch [4110/15425] | Loss: 0.1799
Epoch [3/5] | Batch [4120/15425] | Loss: 0.1584
Epoch [3/5] | Batch [4130/15425] | Loss: 0.1770
Epoch [3/5] | Batch [4140/15425] | Loss: 0.2025
  [VAL @ step 35000] val_loss=0.1703 | best=0.1625
  [CHECKPOINT] Saved at vla_checkpoints/lora_epoch_3_step_35000
Epoch [3/5] | Batch [4150/15425] | Loss: 0.1287
Epoch [3/5] | Batch [4160/15425] | Loss: 0.1630
Epoch [3/5] | Batch [4170/15425] | Loss: 0.1296
Epoch [3/5] | Batch [4180/15425] | Loss: 0.2082
Epoch [3/5] | Batch [4190/15425] | Loss: 0.1447
Epoch [3/5] | Batch [4200/15425] | Loss: 0.1568
Epoch [3/5] | Batch [4210/15425] | Loss: 0.1650
Epoch [3/5] | Batch [4220/15425] | Loss: 0.1748
Epoch [3/5] | Batch [4230/15425] | Loss: 0.1388
Epoch [3/5] | Batch [4240/15425] | Loss: 0.1661
Epoch [3/5] | Batch [4250/15425] | Loss: 0.1967
Epoch [3/5] | Batch [4260/15425] | Loss: 0.2065
Epoch [3/5] | Batch [4270/15425] | Loss: 0.1532
Epoch [3/5] | Batch [4280/15425] | Loss: 0.1521
Epoch [3/5] | Batch [4290/15425] | Loss: 0.1660
Epoch [3/5] | Batch [4300/15425] | Loss: 0.1562
Epoch [3/5] | Batch [4310/15425] | Loss: 0.1321
Epoch [3/5] | Batch [4320/15425] | Loss: 0.1743
Epoch [3/5] | Batch [4330/15425] | Loss: 0.2140
Epoch [3/5] | Batch [4340/15425] | Loss: 0.1669
Epoch [3/5] | Batch [4350/15425] | Loss: 0.1511
Epoch [3/5] | Batch [4360/15425] | Loss: 0.1571
Epoch [3/5] | Batch [4370/15425] | Loss: 0.1692
Epoch [3/5] | Batch [4380/15425] | Loss: 0.1838
Epoch [3/5] | Batch [4390/15425] | Loss: 0.1492
Epoch [3/5] | Batch [4400/15425] | Loss: 0.1657
Epoch [3/5] | Batch [4410/15425] | Loss: 0.2054
Epoch [3/5] | Batch [4420/15425] | Loss: 0.1807
Epoch [3/5] | Batch [4430/15425] | Loss: 0.1817
Epoch [3/5] | Batch [4440/15425] | Loss: 0.1314
Epoch [3/5] | Batch [4450/15425] | Loss: 0.1740
Epoch [3/5] | Batch [4460/15425] | Loss: 0.1635
Epoch [3/5] | Batch [4470/15425] | Loss: 0.1685
Epoch [3/5] | Batch [4480/15425] | Loss: 0.1870
Epoch [3/5] | Batch [4490/15425] | Loss: 0.1698
Epoch [3/5] | Batch [4500/15425] | Loss: 0.1490
Epoch [3/5] | Batch [4510/15425] | Loss: 0.1428
Epoch [3/5] | Batch [4520/15425] | Loss: 0.1430
Epoch [3/5] | Batch [4530/15425] | Loss: 0.1476
Epoch [3/5] | Batch [4540/15425] | Loss: 0.1851
Epoch [3/5] | Batch [4550/15425] | Loss: 0.1568
Epoch [3/5] | Batch [4560/15425] | Loss: 0.1663
Epoch [3/5] | Batch [4570/15425] | Loss: 0.1835
Epoch [3/5] | Batch [4580/15425] | Loss: 0.1886
Epoch [3/5] | Batch [4590/15425] | Loss: 0.1341
Epoch [3/5] | Batch [4600/15425] | Loss: 0.1306
Epoch [3/5] | Batch [4610/15425] | Loss: 0.1744
Epoch [3/5] | Batch [4620/15425] | Loss: 0.1748
Epoch [3/5] | Batch [4630/15425] | Loss: 0.1371
Epoch [3/5] | Batch [4640/15425] | Loss: 0.1539
  [VAL @ step 35500] val_loss=0.1746 | best=0.1625
  [CHECKPOINT] Saved at vla_checkpoints/lora_epoch_3_step_35500
Epoch [3/5] | Batch [4650/15425] | Loss: 0.1843
Epoch [3/5] | Batch [4660/15425] | Loss: 0.1575
Epoch [3/5] | Batch [4670/15425] | Loss: 0.1437
Epoch [3/5] | Batch [4680/15425] | Loss: 0.1741
Epoch [3/5] | Batch [4690/15425] | Loss: 0.1781
Epoch [3/5] | Batch [4700/15425] | Loss: 0.1622
Epoch [3/5] | Batch [4710/15425] | Loss: 0.1428
Epoch [3/5] | Batch [4720/15425] | Loss: 0.1941
Epoch [3/5] | Batch [4730/15425] | Loss: 0.1482
Epoch [3/5] | Batch [4740/15425] | Loss: 0.1346
Epoch [3/5] | Batch [4750/15425] | Loss: 0.1819
Epoch [3/5] | Batch [4760/15425] | Loss: 0.1871
Epoch [3/5] | Batch [4770/15425] | Loss: 0.1758
Epoch [3/5] | Batch [4780/15425] | Loss: 0.2014
Epoch [3/5] | Batch [4790/15425] | Loss: 0.1561
Epoch [3/5] | Batch [4800/15425] | Loss: 0.1250
Epoch [3/5] | Batch [4810/15425] | Loss: 0.1514
Epoch [3/5] | Batch [4820/15425] | Loss: 0.1576
Epoch [3/5] | Batch [4830/15425] | Loss: 0.1614
Epoch [3/5] | Batch [4840/15425] | Loss: 0.1439
Epoch [3/5] | Batch [4850/15425] | Loss: 0.1342
Epoch [3/5] | Batch [4860/15425] | Loss: 0.1515
Epoch [3/5] | Batch [4870/15425] | Loss: 0.1871
Epoch [3/5] | Batch [4880/15425] | Loss: 0.1736
Epoch [3/5] | Batch [4890/15425] | Loss: 0.1564
Epoch [3/5] | Batch [4900/15425] | Loss: 0.1619
Epoch [3/5] | Batch [4910/15425] | Loss: 0.1487
Epoch [3/5] | Batch [4920/15425] | Loss: 0.1924
Epoch [3/5] | Batch [4930/15425] | Loss: 0.1484
Epoch [3/5] | Batch [4940/15425] | Loss: 0.1631
Epoch [3/5] | Batch [4950/15425] | Loss: 0.1883
Epoch [3/5] | Batch [4960/15425] | Loss: 0.1756
Epoch [3/5] | Batch [4970/15425] | Loss: 0.1608
Epoch [3/5] | Batch [4980/15425] | Loss: 0.1596
Epoch [3/5] | Batch [4990/15425] | Loss: 0.1356
Epoch [3/5] | Batch [5000/15425] | Loss: 0.1552
Epoch [3/5] | Batch [5010/15425] | Loss: 0.1642
Epoch [3/5] | Batch [5020/15425] | Loss: 0.1888
Epoch [3/5] | Batch [5030/15425] | Loss: 0.1722
Epoch [3/5] | Batch [5040/15425] | Loss: 0.1304
Epoch [3/5] | Batch [5050/15425] | Loss: 0.1782
Epoch [3/5] | Batch [5060/15425] | Loss: 0.1528
Epoch [3/5] | Batch [5070/15425] | Loss: 0.1366
Epoch [3/5] | Batch [5080/15425] | Loss: 0.1464
Epoch [3/5] | Batch [5090/15425] | Loss: 0.1532
Epoch [3/5] | Batch [5100/15425] | Loss: 0.1797
Epoch [3/5] | Batch [5110/15425] | Loss: 0.1564
Epoch [3/5] | Batch [5120/15425] | Loss: 0.2153
Epoch [3/5] | Batch [5130/15425] | Loss: 0.1528
Epoch [3/5] | Batch [5140/15425] | Loss: 0.1880
  [VAL @ step 36000] val_loss=0.1720 | best=0.1625
  [CHECKPOINT] Saved at vla_checkpoints/lora_epoch_3_step_36000
Epoch [3/5] | Batch [5150/15425] | Loss: 0.1490
Epoch [3/5] | Batch [5160/15425] | Loss: 0.1472
Epoch [3/5] | Batch [5170/15425] | Loss: 0.1563
Epoch [3/5] | Batch [5180/15425] | Loss: 0.1733
Epoch [3/5] | Batch [5190/15425] | Loss: 0.1720
Epoch [3/5] | Batch [5200/15425] | Loss: 0.1861
Epoch [3/5] | Batch [5210/15425] | Loss: 0.1306
Epoch [3/5] | Batch [5220/15425] | Loss: 0.1451
Epoch [3/5] | Batch [5230/15425] | Loss: 0.1733
Epoch [3/5] | Batch [5240/15425] | Loss: 0.1555
Epoch [3/5] | Batch [5250/15425] | Loss: 0.1416
Epoch [3/5] | Batch [5260/15425] | Loss: 0.1585
Epoch [3/5] | Batch [5270/15425] | Loss: 0.2174
Epoch [3/5] | Batch [5280/15425] | Loss: 0.1410
Epoch [3/5] | Batch [5290/15425] | Loss: 0.1688
Epoch [3/5] | Batch [5300/15425] | Loss: 0.1431
Epoch [3/5] | Batch [5310/15425] | Loss: 0.1563
Epoch [3/5] | Batch [5320/15425] | Loss: 0.1879
Epoch [3/5] | Batch [5330/15425] | Loss: 0.1847
Epoch [3/5] | Batch [5340/15425] | Loss: 0.1616
Epoch [3/5] | Batch [5350/15425] | Loss: 0.1981
Epoch [3/5] | Batch [5360/15425] | Loss: 0.1364
Epoch [3/5] | Batch [5370/15425] | Loss: 0.1833
Epoch [3/5] | Batch [5380/15425] | Loss: 0.1948
Epoch [3/5] | Batch [5390/15425] | Loss: 0.1614
Epoch [3/5] | Batch [5400/15425] | Loss: 0.2008
Epoch [3/5] | Batch [5410/15425] | Loss: 0.1599
Epoch [3/5] | Batch [5420/15425] | Loss: 0.1267
Epoch [3/5] | Batch [5430/15425] | Loss: 0.1646
Epoch [3/5] | Batch [5440/15425] | Loss: 0.1387
Epoch [3/5] | Batch [5450/15425] | Loss: 0.1691
Epoch [3/5] | Batch [5460/15425] | Loss: 0.1797
Epoch [3/5] | Batch [5470/15425] | Loss: 0.1850
Epoch [3/5] | Batch [5480/15425] | Loss: 0.2326
Epoch [3/5] | Batch [5490/15425] | Loss: 0.1661
Epoch [3/5] | Batch [5500/15425] | Loss: 0.1859
Epoch [3/5] | Batch [5510/15425] | Loss: 0.1665
Epoch [3/5] | Batch [5520/15425] | Loss: 0.1534
Epoch [3/5] | Batch [5530/15425] | Loss: 0.1361
Epoch [3/5] | Batch [5540/15425] | Loss: 0.1903
Epoch [3/5] | Batch [5550/15425] | Loss: 0.1463
Epoch [3/5] | Batch [5560/15425] | Loss: 0.1451
Epoch [3/5] | Batch [5570/15425] | Loss: 0.1870
Epoch [3/5] | Batch [5580/15425] | Loss: 0.1787
Epoch [3/5] | Batch [5590/15425] | Loss: 0.1743
Epoch [3/5] | Batch [5600/15425] | Loss: 0.1690
Epoch [3/5] | Batch [5610/15425] | Loss: 0.1947
Epoch [3/5] | Batch [5620/15425] | Loss: 0.1727
Epoch [3/5] | Batch [5630/15425] | Loss: 0.1551
Epoch [3/5] | Batch [5640/15425] | Loss: 0.1587
  [VAL @ step 36500] val_loss=0.1654 | best=0.1625
  [CHECKPOINT] Saved at vla_checkpoints/lora_epoch_3_step_36500
Epoch [3/5] | Batch [5650/15425] | Loss: 0.1559
Epoch [3/5] | Batch [5660/15425] | Loss: 0.1913
Epoch [3/5] | Batch [5670/15425] | Loss: 0.1471
Epoch [3/5] | Batch [5680/15425] | Loss: 0.1587
Epoch [3/5] | Batch [5690/15425] | Loss: 0.1764
Epoch [3/5] | Batch [5700/15425] | Loss: 0.1772
Epoch [3/5] | Batch [5710/15425] | Loss: 0.1796
Epoch [3/5] | Batch [5720/15425] | Loss: 0.1353
Epoch [3/5] | Batch [5730/15425] | Loss: 0.1478
Epoch [3/5] | Batch [5740/15425] | Loss: 0.1347
Epoch [3/5] | Batch [5750/15425] | Loss: 0.1614
Epoch [3/5] | Batch [5760/15425] | Loss: 0.2110
Epoch [3/5] | Batch [5770/15425] | Loss: 0.1819
Epoch [3/5] | Batch [5780/15425] | Loss: 0.1813
Epoch [3/5] | Batch [5790/15425] | Loss: 0.1884
Epoch [3/5] | Batch [5800/15425] | Loss: 0.1650
Epoch [3/5] | Batch [5810/15425] | Loss: 0.1135
Epoch [3/5] | Batch [5820/15425] | Loss: 0.2082
Epoch [3/5] | Batch [5830/15425] | Loss: 0.2122
Epoch [3/5] | Batch [5840/15425] | Loss: 0.1516
Epoch [3/5] | Batch [5850/15425] | Loss: 0.1673
Epoch [3/5] | Batch [5860/15425] | Loss: 0.1347
Epoch [3/5] | Batch [5870/15425] | Loss: 0.1471
Epoch [3/5] | Batch [5880/15425] | Loss: 0.1449
Epoch [3/5] | Batch [5890/15425] | Loss: 0.1598
Epoch [3/5] | Batch [5900/15425] | Loss: 0.1856
Epoch [3/5] | Batch [5910/15425] | Loss: 0.1532
Epoch [3/5] | Batch [5920/15425] | Loss: 0.1865
Epoch [3/5] | Batch [5930/15425] | Loss: 0.1514
Epoch [3/5] | Batch [5940/15425] | Loss: 0.1822
Epoch [3/5] | Batch [5950/15425] | Loss: 0.1323
Epoch [3/5] | Batch [5960/15425] | Loss: 0.1889
Epoch [3/5] | Batch [5970/15425] | Loss: 0.1323
Epoch [3/5] | Batch [5980/15425] | Loss: 0.1337
Epoch [3/5] | Batch [5990/15425] | Loss: 0.1825
Epoch [3/5] | Batch [6000/15425] | Loss: 0.1907
Epoch [3/5] | Batch [6010/15425] | Loss: 0.1454
Epoch [3/5] | Batch [6020/15425] | Loss: 0.1518
Epoch [3/5] | Batch [6030/15425] | Loss: 0.1657
Epoch [3/5] | Batch [6040/15425] | Loss: 0.1514
Epoch [3/5] | Batch [6050/15425] | Loss: 0.1445
Epoch [3/5] | Batch [6060/15425] | Loss: 0.1737
Epoch [3/5] | Batch [6070/15425] | Loss: 0.1761
Epoch [3/5] | Batch [6080/15425] | Loss: 0.1356
Epoch [3/5] | Batch [6090/15425] | Loss: 0.1643
Epoch [3/5] | Batch [6100/15425] | Loss: 0.1937
Epoch [3/5] | Batch [6110/15425] | Loss: 0.1476
Epoch [3/5] | Batch [6120/15425] | Loss: 0.1587
Epoch [3/5] | Batch [6130/15425] | Loss: 0.1757
Epoch [3/5] | Batch [6140/15425] | Loss: 0.1816
  [VAL @ step 37000] val_loss=0.1710 | best=0.1625
  [CHECKPOINT] Saved at vla_checkpoints/lora_epoch_3_step_37000
Epoch [3/5] | Batch [6150/15425] | Loss: 0.1875
Epoch [3/5] | Batch [6160/15425] | Loss: 0.1696
Epoch [3/5] | Batch [6170/15425] | Loss: 0.1644
Epoch [3/5] | Batch [6180/15425] | Loss: 0.1692
Epoch [3/5] | Batch [6190/15425] | Loss: 0.1750
Epoch [3/5] | Batch [6200/15425] | Loss: 0.1586
Epoch [3/5] | Batch [6210/15425] | Loss: 0.1498
Epoch [3/5] | Batch [6220/15425] | Loss: 0.1548
Epoch [3/5] | Batch [6230/15425] | Loss: 0.1872
Epoch [3/5] | Batch [6240/15425] | Loss: 0.1966
Epoch [3/5] | Batch [6250/15425] | Loss: 0.1708
Epoch [3/5] | Batch [6260/15425] | Loss: 0.1823
Epoch [3/5] | Batch [6270/15425] | Loss: 0.1454
Epoch [3/5] | Batch [6280/15425] | Loss: 0.1728
Epoch [3/5] | Batch [6290/15425] | Loss: 0.1549
Epoch [3/5] | Batch [6300/15425] | Loss: 0.1449
Epoch [3/5] | Batch [6310/15425] | Loss: 0.2293
Epoch [3/5] | Batch [6320/15425] | Loss: 0.2053
Epoch [3/5] | Batch [6330/15425] | Loss: 0.1440
Epoch [3/5] | Batch [6340/15425] | Loss: 0.1968
Epoch [3/5] | Batch [6350/15425] | Loss: 0.1821
Epoch [3/5] | Batch [6360/15425] | Loss: 0.2017
Epoch [3/5] | Batch [6370/15425] | Loss: 0.1547
Epoch [3/5] | Batch [6380/15425] | Loss: 0.1354
Epoch [3/5] | Batch [6390/15425] | Loss: 0.1607
Epoch [3/5] | Batch [6400/15425] | Loss: 0.1464
Epoch [3/5] | Batch [6410/15425] | Loss: 0.1504
Epoch [3/5] | Batch [6420/15425] | Loss: 0.1508
Epoch [3/5] | Batch [6430/15425] | Loss: 0.1516
Epoch [3/5] | Batch [6440/15425] | Loss: 0.1664
Epoch [3/5] | Batch [6450/15425] | Loss: 0.1943
Epoch [3/5] | Batch [6460/15425] | Loss: 0.1686
Epoch [3/5] | Batch [6470/15425] | Loss: 0.1587
Epoch [3/5] | Batch [6480/15425] | Loss: 0.1405
Epoch [3/5] | Batch [6490/15425] | Loss: 0.1579
Epoch [3/5] | Batch [6500/15425] | Loss: 0.1652
Epoch [3/5] | Batch [6510/15425] | Loss: 0.2025
Epoch [3/5] | Batch [6520/15425] | Loss: 0.2109
Epoch [3/5] | Batch [6530/15425] | Loss: 0.1601
Epoch [3/5] | Batch [6540/15425] | Loss: 0.1989
Epoch [3/5] | Batch [6550/15425] | Loss: 0.1278
Epoch [3/5] | Batch [6560/15425] | Loss: 0.1738
Epoch [3/5] | Batch [6570/15425] | Loss: 0.1476
Epoch [3/5] | Batch [6580/15425] | Loss: 0.1734
Epoch [3/5] | Batch [6590/15425] | Loss: 0.1657
Epoch [3/5] | Batch [6600/15425] | Loss: 0.1564
Epoch [3/5] | Batch [6610/15425] | Loss: 0.1682
Epoch [3/5] | Batch [6620/15425] | Loss: 0.1418
Epoch [3/5] | Batch [6630/15425] | Loss: 0.1601
Epoch [3/5] | Batch [6640/15425] | Loss: 0.1642
  [VAL @ step 37500] val_loss=0.1652 | best=0.1625
  [CHECKPOINT] Saved at vla_checkpoints/lora_epoch_3_step_37500
Epoch [3/5] | Batch [6650/15425] | Loss: 0.1952
Epoch [3/5] | Batch [6660/15425] | Loss: 0.1451
Epoch [3/5] | Batch [6670/15425] | Loss: 0.1730
Epoch [3/5] | Batch [6680/15425] | Loss: 0.2075
Epoch [3/5] | Batch [6690/15425] | Loss: 0.2162
Epoch [3/5] | Batch [6700/15425] | Loss: 0.1839
Epoch [3/5] | Batch [6710/15425] | Loss: 0.1831
Epoch [3/5] | Batch [6720/15425] | Loss: 0.2075
Epoch [3/5] | Batch [6730/15425] | Loss: 0.1428
Epoch [3/5] | Batch [6740/15425] | Loss: 0.1819
Epoch [3/5] | Batch [6750/15425] | Loss: 0.1589
Epoch [3/5] | Batch [6760/15425] | Loss: 0.1215
Epoch [3/5] | Batch [6770/15425] | Loss: 0.1891
Epoch [3/5] | Batch [6780/15425] | Loss: 0.1526
Epoch [3/5] | Batch [6790/15425] | Loss: 0.1898
Epoch [3/5] | Batch [6800/15425] | Loss: 0.1528
Epoch [3/5] | Batch [6810/15425] | Loss: 0.1653
Epoch [3/5] | Batch [6820/15425] | Loss: 0.1404
Epoch [3/5] | Batch [6830/15425] | Loss: 0.1465
Epoch [3/5] | Batch [6840/15425] | Loss: 0.1720
Epoch [3/5] | Batch [6850/15425] | Loss: 0.2263
Epoch [3/5] | Batch [6860/15425] | Loss: 0.1827
Epoch [3/5] | Batch [6870/15425] | Loss: 0.1544
Epoch [3/5] | Batch [6880/15425] | Loss: 0.1633
Epoch [3/5] | Batch [6890/15425] | Loss: 0.1897
Epoch [3/5] | Batch [6900/15425] | Loss: 0.1827
Epoch [3/5] | Batch [6910/15425] | Loss: 0.1741
Epoch [3/5] | Batch [6920/15425] | Loss: 0.1948
Epoch [3/5] | Batch [6930/15425] | Loss: 0.1646
Epoch [3/5] | Batch [6940/15425] | Loss: 0.1259
Epoch [3/5] | Batch [6950/15425] | Loss: 0.1423
Epoch [3/5] | Batch [6960/15425] | Loss: 0.1801
Epoch [3/5] | Batch [6970/15425] | Loss: 0.1555
Epoch [3/5] | Batch [6980/15425] | Loss: 0.1263
Epoch [3/5] | Batch [6990/15425] | Loss: 0.1841
Epoch [3/5] | Batch [7000/15425] | Loss: 0.1560
Epoch [3/5] | Batch [7010/15425] | Loss: 0.1580
Epoch [3/5] | Batch [7020/15425] | Loss: 0.1650
Epoch [3/5] | Batch [7030/15425] | Loss: 0.2233
Epoch [3/5] | Batch [7040/15425] | Loss: 0.1510
Epoch [3/5] | Batch [7050/15425] | Loss: 0.1679
Epoch [3/5] | Batch [7060/15425] | Loss: 0.1610
Epoch [3/5] | Batch [7070/15425] | Loss: 0.1699
Epoch [3/5] | Batch [7080/15425] | Loss: 0.1896
Epoch [3/5] | Batch [7090/15425] | Loss: 0.1398
Epoch [3/5] | Batch [7100/15425] | Loss: 0.1585
Epoch [3/5] | Batch [7110/15425] | Loss: 0.1915
Epoch [3/5] | Batch [7120/15425] | Loss: 0.1618
Epoch [3/5] | Batch [7130/15425] | Loss: 0.1838
Epoch [3/5] | Batch [7140/15425] | Loss: 0.1494
  [VAL @ step 38000] val_loss=0.1664 | best=0.1625
  [CHECKPOINT] Saved at vla_checkpoints/lora_epoch_3_step_38000
Epoch [3/5] | Batch [7150/15425] | Loss: 0.1726
Epoch [3/5] | Batch [7160/15425] | Loss: 0.1400
Epoch [3/5] | Batch [7170/15425] | Loss: 0.1855
Epoch [3/5] | Batch [7180/15425] | Loss: 0.1740
Epoch [3/5] | Batch [7190/15425] | Loss: 0.1634
Epoch [3/5] | Batch [7200/15425] | Loss: 0.1256
Epoch [3/5] | Batch [7210/15425] | Loss: 0.1753
Epoch [3/5] | Batch [7220/15425] | Loss: 0.1540
Epoch [3/5] | Batch [7230/15425] | Loss: 0.1486
Epoch [3/5] | Batch [7240/15425] | Loss: 0.1863
Epoch [3/5] | Batch [7250/15425] | Loss: 0.1302
Epoch [3/5] | Batch [7260/15425] | Loss: 0.1682
Epoch [3/5] | Batch [7270/15425] | Loss: 0.1409
Epoch [3/5] | Batch [7280/15425] | Loss: 0.1951
Epoch [3/5] | Batch [7290/15425] | Loss: 0.1435
Epoch [3/5] | Batch [7300/15425] | Loss: 0.1569
Epoch [3/5] | Batch [7310/15425] | Loss: 0.1369
Epoch [3/5] | Batch [7320/15425] | Loss: 0.1746
Epoch [3/5] | Batch [7330/15425] | Loss: 0.1790
Epoch [3/5] | Batch [7340/15425] | Loss: 0.2074
Epoch [3/5] | Batch [7350/15425] | Loss: 0.1388
Epoch [3/5] | Batch [7360/15425] | Loss: 0.1528
Epoch [3/5] | Batch [7370/15425] | Loss: 0.1573
Epoch [3/5] | Batch [7380/15425] | Loss: 0.1665
Epoch [3/5] | Batch [7390/15425] | Loss: 0.1238
Epoch [3/5] | Batch [7400/15425] | Loss: 0.1845
Epoch [3/5] | Batch [7410/15425] | Loss: 0.1500
Epoch [3/5] | Batch [7420/15425] | Loss: 0.1745
Epoch [3/5] | Batch [7430/15425] | Loss: 0.1590
Epoch [3/5] | Batch [7440/15425] | Loss: 0.1625
Epoch [3/5] | Batch [7450/15425] | Loss: 0.1845
Epoch [3/5] | Batch [7460/15425] | Loss: 0.1690
Epoch [3/5] | Batch [7470/15425] | Loss: 0.1657
Epoch [3/5] | Batch [7480/15425] | Loss: 0.1705
Epoch [3/5] | Batch [7490/15425] | Loss: 0.1927
Epoch [3/5] | Batch [7500/15425] | Loss: 0.1427
Epoch [3/5] | Batch [7510/15425] | Loss: 0.1799
Epoch [3/5] | Batch [7520/15425] | Loss: 0.1796
Epoch [3/5] | Batch [7530/15425] | Loss: 0.1354
Epoch [3/5] | Batch [7540/15425] | Loss: 0.2102
Epoch [3/5] | Batch [7550/15425] | Loss: 0.1941
Epoch [3/5] | Batch [7560/15425] | Loss: 0.1930
Epoch [3/5] | Batch [7570/15425] | Loss: 0.1232
Epoch [3/5] | Batch [7580/15425] | Loss: 0.1149
Epoch [3/5] | Batch [7590/15425] | Loss: 0.1609
Epoch [3/5] | Batch [7600/15425] | Loss: 0.1729
Epoch [3/5] | Batch [7610/15425] | Loss: 0.1921
Epoch [3/5] | Batch [7620/15425] | Loss: 0.1757
Epoch [3/5] | Batch [7630/15425] | Loss: 0.1544
Epoch [3/5] | Batch [7640/15425] | Loss: 0.1459
  [VAL @ step 38500] val_loss=0.1661 | best=0.1625
  [CHECKPOINT] Saved at vla_checkpoints/lora_epoch_3_step_38500
Epoch [3/5] | Batch [7650/15425] | Loss: 0.1694
Epoch [3/5] | Batch [7660/15425] | Loss: 0.2013
Epoch [3/5] | Batch [7670/15425] | Loss: 0.1320
Epoch [3/5] | Batch [7680/15425] | Loss: 0.1691
Epoch [3/5] | Batch [7690/15425] | Loss: 0.1531
Epoch [3/5] | Batch [7700/15425] | Loss: 0.1588
Epoch [3/5] | Batch [7710/15425] | Loss: 0.1685
Epoch [3/5] | Batch [7720/15425] | Loss: 0.1708
Epoch [3/5] | Batch [7730/15425] | Loss: 0.1505
Epoch [3/5] | Batch [7740/15425] | Loss: 0.1318
Epoch [3/5] | Batch [7750/15425] | Loss: 0.1637
Epoch [3/5] | Batch [7760/15425] | Loss: 0.1990
Epoch [3/5] | Batch [7770/15425] | Loss: 0.1653
Epoch [3/5] | Batch [7780/15425] | Loss: 0.1812
Epoch [3/5] | Batch [7790/15425] | Loss: 0.1451
Epoch [3/5] | Batch [7800/15425] | Loss: 0.1446
Epoch [3/5] | Batch [7810/15425] | Loss: 0.1557
Epoch [3/5] | Batch [7820/15425] | Loss: 0.1555
Epoch [3/5] | Batch [7830/15425] | Loss: 0.2240
Epoch [3/5] | Batch [7840/15425] | Loss: 0.1597
Epoch [3/5] | Batch [7850/15425] | Loss: 0.1745
Epoch [3/5] | Batch [7860/15425] | Loss: 0.2006
Epoch [3/5] | Batch [7870/15425] | Loss: 0.1730
Epoch [3/5] | Batch [7880/15425] | Loss: 0.1300
Epoch [3/5] | Batch [7890/15425] | Loss: 0.1920
Epoch [3/5] | Batch [7900/15425] | Loss: 0.1833
Epoch [3/5] | Batch [7910/15425] | Loss: 0.1861
Epoch [3/5] | Batch [7920/15425] | Loss: 0.1607
Epoch [3/5] | Batch [7930/15425] | Loss: 0.1679
Epoch [3/5] | Batch [7940/15425] | Loss: 0.1583
Epoch [3/5] | Batch [7950/15425] | Loss: 0.2199
Epoch [3/5] | Batch [7960/15425] | Loss: 0.2616
Epoch [3/5] | Batch [7970/15425] | Loss: 0.1792
Epoch [3/5] | Batch [7980/15425] | Loss: 0.1589
Epoch [3/5] | Batch [7990/15425] | Loss: 0.1418
Epoch [3/5] | Batch [8000/15425] | Loss: 0.1619
Epoch [3/5] | Batch [8010/15425] | Loss: 0.1750
Epoch [3/5] | Batch [8020/15425] | Loss: 0.1280
Epoch [3/5] | Batch [8030/15425] | Loss: 0.1462
Epoch [3/5] | Batch [8040/15425] | Loss: 0.1627
Epoch [3/5] | Batch [8050/15425] | Loss: 0.1585
Epoch [3/5] | Batch [8060/15425] | Loss: 0.1255
Epoch [3/5] | Batch [8070/15425] | Loss: 0.2184
Epoch [3/5] | Batch [8080/15425] | Loss: 0.1946
Epoch [3/5] | Batch [8090/15425] | Loss: 0.1266
Epoch [3/5] | Batch [8100/15425] | Loss: 0.1747
Epoch [3/5] | Batch [8110/15425] | Loss: 0.1848
Epoch [3/5] | Batch [8120/15425] | Loss: 0.1347
Epoch [3/5] | Batch [8130/15425] | Loss: 0.1574
Epoch [3/5] | Batch [8140/15425] | Loss: 0.1806
  [VAL @ step 39000] val_loss=0.1670 | best=0.1625
  [CHECKPOINT] Saved at vla_checkpoints/lora_epoch_3_step_39000
Epoch [3/5] | Batch [8150/15425] | Loss: 0.1617
Epoch [3/5] | Batch [8160/15425] | Loss: 0.2120
Epoch [3/5] | Batch [8170/15425] | Loss: 0.2442
Epoch [3/5] | Batch [8180/15425] | Loss: 0.1982
Epoch [3/5] | Batch [8190/15425] | Loss: 0.1962
Epoch [3/5] | Batch [8200/15425] | Loss: 0.1880
Epoch [3/5] | Batch [8210/15425] | Loss: 0.1752
Epoch [3/5] | Batch [8220/15425] | Loss: 0.1704
Epoch [3/5] | Batch [8230/15425] | Loss: 0.1610
Epoch [3/5] | Batch [8240/15425] | Loss: 0.1345
Epoch [3/5] | Batch [8250/15425] | Loss: 0.1774
Epoch [3/5] | Batch [8260/15425] | Loss: 0.1597
Epoch [3/5] | Batch [8270/15425] | Loss: 0.1699
Epoch [3/5] | Batch [8280/15425] | Loss: 0.1515
Epoch [3/5] | Batch [8290/15425] | Loss: 0.2320
Epoch [3/5] | Batch [8300/15425] | Loss: 0.1684
Epoch [3/5] | Batch [8310/15425] | Loss: 0.1647
Epoch [3/5] | Batch [8320/15425] | Loss: 0.1305
Epoch [3/5] | Batch [8330/15425] | Loss: 0.1717
Epoch [3/5] | Batch [8340/15425] | Loss: 0.1606
Epoch [3/5] | Batch [8350/15425] | Loss: 0.1367
Epoch [3/5] | Batch [8360/15425] | Loss: 0.2030
Epoch [3/5] | Batch [8370/15425] | Loss: 0.1834
Epoch [3/5] | Batch [8380/15425] | Loss: 0.1626
Epoch [3/5] | Batch [8390/15425] | Loss: 0.1638
Epoch [3/5] | Batch [8400/15425] | Loss: 0.1663
Epoch [3/5] | Batch [8410/15425] | Loss: 0.1991
Epoch [3/5] | Batch [8420/15425] | Loss: 0.1870
Epoch [3/5] | Batch [8430/15425] | Loss: 0.1556
Epoch [3/5] | Batch [8440/15425] | Loss: 0.1587
Epoch [3/5] | Batch [8450/15425] | Loss: 0.1426
Epoch [3/5] | Batch [8460/15425] | Loss: 0.2059
Epoch [3/5] | Batch [8470/15425] | Loss: 0.1656
Epoch [3/5] | Batch [8480/15425] | Loss: 0.1657
Epoch [3/5] | Batch [8490/15425] | Loss: 0.1576
Epoch [3/5] | Batch [8500/15425] | Loss: 0.1733
Epoch [3/5] | Batch [8510/15425] | Loss: 0.1955
Epoch [3/5] | Batch [8520/15425] | Loss: 0.1808
Epoch [3/5] | Batch [8530/15425] | Loss: 0.1523
Epoch [3/5] | Batch [8540/15425] | Loss: 0.1850
Epoch [3/5] | Batch [8550/15425] | Loss: 0.1625
Epoch [3/5] | Batch [8560/15425] | Loss: 0.1894
Epoch [3/5] | Batch [8570/15425] | Loss: 0.2155
Epoch [3/5] | Batch [8580/15425] | Loss: 0.1689
Epoch [3/5] | Batch [8590/15425] | Loss: 0.1820
Epoch [3/5] | Batch [8600/15425] | Loss: 0.1832
Epoch [3/5] | Batch [8610/15425] | Loss: 0.1715
Epoch [3/5] | Batch [8620/15425] | Loss: 0.2386
Epoch [3/5] | Batch [8630/15425] | Loss: 0.1726
Epoch [3/5] | Batch [8640/15425] | Loss: 0.1626
  [VAL @ step 39500] val_loss=0.1655 | best=0.1625
  [EARLY STOP] Val loss has not improved for 15 checks. Stopping.
[LOG] Training log saved to vla_checkpoints/training_log.json
